Role,Company,Location,Date_Posted,Apply_Link
Data Analyst,KPMG India,"Bengaluru, Karnataka, India",4 days ago,https://in.linkedin.com/jobs/view/data-analyst-at-kpmg-india-4323182631?position=1&pageNum=0&refId=WdapTpQ0ITaDeI8Tj0BCbg%3D%3D&trackingId=%2FAbI%2BT7QJzZCSHtgznat3Q%3D%3D
Quantitative Researcher,Meril,"Bengaluru, Karnataka, India",3 days ago,https://in.linkedin.com/jobs/view/quantitative-researcher-at-meril-4336820573?position=2&pageNum=0&refId=WdapTpQ0ITaDeI8Tj0BCbg%3D%3D&trackingId=sVwvkbdxfiqh0B41sf1YDg%3D%3D
Data Analyst [T500-20905],Delta Air Lines,"Bengaluru, Karnataka, India",1 week ago,https://in.linkedin.com/jobs/view/data-analyst-t500-20905-at-delta-air-lines-4315163413?position=3&pageNum=0&refId=WdapTpQ0ITaDeI8Tj0BCbg%3D%3D&trackingId=bKjYf0c2WhyL3cAb5lgssA%3D%3D
Data Analyst,Nestaway,"Bengaluru, Karnataka, India",3 days ago,https://in.linkedin.com/jobs/view/data-analyst-at-nestaway-4323172884?position=4&pageNum=0&refId=WdapTpQ0ITaDeI8Tj0BCbg%3D%3D&trackingId=%2B77fHlwHvs7vw1j8nbzEew%3D%3D
Business Associate (Analytics),Swiggy,"Bengaluru, Karnataka, India",Recent,https://in.linkedin.com/jobs/view/business-associate-analytics-at-swiggy-4323598005?position=5&pageNum=0&refId=WdapTpQ0ITaDeI8Tj0BCbg%3D%3D&trackingId=hRia1BB0lq%2FhFLMWsAsqiw%3D%3D
Data Analyst,EaseMyTrip.com,"Haryana, India",1 day ago,https://in.linkedin.com/jobs/view/data-analyst-at-easemytrip-com-4347002051?position=6&pageNum=0&refId=WdapTpQ0ITaDeI8Tj0BCbg%3D%3D&trackingId=urn%2BUMvYnhEBWNse76Jmjg%3D%3D
Insights and Visualization,Infosys,"Bengaluru East, Karnataka, India",1 week ago,https://in.linkedin.com/jobs/view/insights-and-visualization-at-infosys-4322584847?position=7&pageNum=0&refId=WdapTpQ0ITaDeI8Tj0BCbg%3D%3D&trackingId=GcenoGyv2k62YeQifXpCIA%3D%3D
Data Analyst,Persistent Systems,"Mumbai, Maharashtra, India",4 days ago,https://in.linkedin.com/jobs/view/data-analyst-at-persistent-systems-4341161525?position=8&pageNum=0&refId=WdapTpQ0ITaDeI8Tj0BCbg%3D%3D&trackingId=PuUfDmH94BK%2BRWQ2X4vSGA%3D%3D
Data Analyst,Chevron,"Bengaluru, Karnataka, India",1 day ago,https://in.linkedin.com/jobs/view/data-analyst-at-chevron-4341962225?position=9&pageNum=0&refId=WdapTpQ0ITaDeI8Tj0BCbg%3D%3D&trackingId=Sm0jIl4KATIQOs%2BUL48hMQ%3D%3D
Data Analyst,Tata Consultancy Services,"Hyderabad, Telangana, India",6 days ago,https://in.linkedin.com/jobs/view/data-analyst-at-tata-consultancy-services-4322750798?position=10&pageNum=0&refId=WdapTpQ0ITaDeI8Tj0BCbg%3D%3D&trackingId=e%2FcWP0OeTBSMlTNwk%2B%2Bd5A%3D%3D
Data Analyst,Creditsafe Technology,"Hyderabad, Telangana, India",1 week ago,https://in.linkedin.com/jobs/view/data-analyst-at-creditsafe-technology-4340463246?position=1&pageNum=2&refId=MVEqK4iRTQF%2BRv7OzqZ%2Bag%3D%3D&trackingId=Is3zPJPxt92zoSuycavy8A%3D%3D
Analyst - Data Science,American Express,"Gurugram, Haryana, India",4 days ago,https://in.linkedin.com/jobs/view/analyst-data-science-at-american-express-4336513766?position=2&pageNum=2&refId=MVEqK4iRTQF%2BRv7OzqZ%2Bag%3D%3D&trackingId=yktg%2BlqYN0FWr9LRiA11fA%3D%3D
Data Analyst,Newsweek,India,1 day ago,https://in.linkedin.com/jobs/view/data-analyst-at-newsweek-4319536475?position=3&pageNum=2&refId=MVEqK4iRTQF%2BRv7OzqZ%2Bag%3D%3D&trackingId=z1D9anpCrNi4aii0ILAUEw%3D%3D
Data Analyst,Randstad,"Bengaluru, Karnataka, India",1 week ago,https://in.linkedin.com/jobs/view/data-analyst-at-randstad-4282213046?position=4&pageNum=2&refId=MVEqK4iRTQF%2BRv7OzqZ%2Bag%3D%3D&trackingId=KE4G5VxKVE7uw9Mfz1KIKQ%3D%3D
Analytics Consultant,EXL,"Gurugram, Haryana, India",1 day ago,https://in.linkedin.com/jobs/view/analytics-consultant-at-exl-4341842345?position=5&pageNum=2&refId=MVEqK4iRTQF%2BRv7OzqZ%2Bag%3D%3D&trackingId=YoQNRbBOXwHS93zqiwfIRA%3D%3D
Data Analyst - Car Wash,Circle K,"Gurugram, Haryana, India",3 days ago,https://in.linkedin.com/jobs/view/data-analyst-car-wash-at-circle-k-4322984599?position=6&pageNum=2&refId=MVEqK4iRTQF%2BRv7OzqZ%2Bag%3D%3D&trackingId=RTJExVBrOwUO5HsBvU6yJw%3D%3D
Data Analyst-Application Development-Data Visualization,EXL,"Gurugram, Haryana, India",4 days ago,https://in.linkedin.com/jobs/view/data-analyst-application-development-data-visualization-at-exl-4333066834?position=7&pageNum=2&refId=MVEqK4iRTQF%2BRv7OzqZ%2Bag%3D%3D&trackingId=ay%2FGbZj%2Fxnx%2F240LM5Mw%2FQ%3D%3D
Data Analyst,Comviva,"Gurugram, Haryana, India",1 week ago,https://in.linkedin.com/jobs/view/data-analyst-at-comviva-4340403021?position=8&pageNum=2&refId=MVEqK4iRTQF%2BRv7OzqZ%2Bag%3D%3D&trackingId=fwmqk3znOJU1LNH7Vykz5A%3D%3D
Associate Data Analyst,Gartner,"Gurgaon, Haryana, India",2 days ago,https://in.linkedin.com/jobs/view/associate-data-analyst-at-gartner-4323437709?position=9&pageNum=2&refId=MVEqK4iRTQF%2BRv7OzqZ%2Bag%3D%3D&trackingId=hYPSG63NI0LApjT4xzXDJg%3D%3D
"Associate Data Analyst – Looker, PowerBI, DAX, SQL, Python, R, SSAS, C#, .NET, GCP",UPS,"Chennai, Tamil Nadu, India",3 days ago,https://in.linkedin.com/jobs/view/associate-data-analyst-%E2%80%93-looker-powerbi-dax-sql-python-r-ssas-c%23-net-gcp-at-ups-4323144478?position=10&pageNum=2&refId=MVEqK4iRTQF%2BRv7OzqZ%2Bag%3D%3D&trackingId=7hA2gtoQ%2Fw0QO8aM9U7LBA%3D%3D
"Data Analyst (Marketing Analytics, Bangkok Based, Relocation provided)",Agoda,Mumbai Metropolitan Region,6 days ago,https://in.linkedin.com/jobs/view/data-analyst-marketing-analytics-bangkok-based-relocation-provided-at-agoda-4299779220?position=1&pageNum=5&refId=TEIKJ%2BGBSlZq0i2Q%2BWWWsw%3D%3D&trackingId=4KkUOrPQIu1UqHSbkUJXYg%3D%3D
Data Analyst,BETSOL,"Bengaluru, Karnataka, India",4 days ago,https://in.linkedin.com/jobs/view/data-analyst-at-betsol-4323034706?position=2&pageNum=5&refId=TEIKJ%2BGBSlZq0i2Q%2BWWWsw%3D%3D&trackingId=ov6uXESpSnmHxA5Dt203nQ%3D%3D
Data Analyst - Fresher,ContraVault AI,India,1 week ago,https://in.linkedin.com/jobs/view/data-analyst-fresher-at-contravault-ai-4322196195?position=3&pageNum=5&refId=TEIKJ%2BGBSlZq0i2Q%2BWWWsw%3D%3D&trackingId=2d3OB06r2%2BNR2jwxrrwB6Q%3D%3D
Data Analyst,OIP Insurtech,"Hyderabad, Telangana, India",3 days ago,https://in.linkedin.com/jobs/view/data-analyst-at-oip-insurtech-4341367988?position=4&pageNum=5&refId=TEIKJ%2BGBSlZq0i2Q%2BWWWsw%3D%3D&trackingId=GBaNNe%2Fvkx05iH09ShPYHA%3D%3D
Data Analyst-Data Management and Analytics-Data Ops/Data Analyst,EXL,"Gurugram, Haryana, India",4 days ago,https://in.linkedin.com/jobs/view/data-analyst-data-management-and-analytics-data-ops-data-analyst-at-exl-4335769428?position=5&pageNum=5&refId=TEIKJ%2BGBSlZq0i2Q%2BWWWsw%3D%3D&trackingId=aYeUIzcBHVbHJezqXwwxrg%3D%3D
"Data Analyst (Marketing Analytics, Bangkok Based, Relocation provided)",Agoda,"Pune, Maharashtra, India",1 week ago,https://in.linkedin.com/jobs/view/data-analyst-marketing-analytics-bangkok-based-relocation-provided-at-agoda-4299767576?position=6&pageNum=5&refId=TEIKJ%2BGBSlZq0i2Q%2BWWWsw%3D%3D&trackingId=is5sTRLYnQBzUaZTNfKmzw%3D%3D
Data Analyst I (Advance Excel Skill Required),Nielsen,"Bengaluru East, Karnataka, India",2 days ago,https://in.linkedin.com/jobs/view/data-analyst-i-advance-excel-skill-required-at-nielsen-4323425395?position=7&pageNum=5&refId=TEIKJ%2BGBSlZq0i2Q%2BWWWsw%3D%3D&trackingId=zcslaTqrA%2BVgD9HeNNCMQQ%3D%3D
Associate - Data & Analytics,JPMorganChase,"Bengaluru, Karnataka, India",1 week ago,https://in.linkedin.com/jobs/view/associate-data-analytics-at-jpmorganchase-4335972025?position=8&pageNum=5&refId=TEIKJ%2BGBSlZq0i2Q%2BWWWsw%3D%3D&trackingId=W9isxobWz6zxjQP5k8nYpw%3D%3D
BI Data Analyst,ZeroFox,"Bengaluru, Karnataka, India",2 days ago,https://in.linkedin.com/jobs/view/bi-data-analyst-at-zerofox-4312048636?position=9&pageNum=5&refId=TEIKJ%2BGBSlZq0i2Q%2BWWWsw%3D%3D&trackingId=y%2BL56xzLRB5q2F0FCTu%2Bfg%3D%3D
Analyst- Data Operations,JPMorganChase,"Bengaluru, Karnataka, India",3 days ago,https://in.linkedin.com/jobs/view/analyst-data-operations-at-jpmorganchase-4336822576?position=10&pageNum=5&refId=TEIKJ%2BGBSlZq0i2Q%2BWWWsw%3D%3D&trackingId=LyEMTpzi3wW21FcG2ENM%2BQ%3D%3D
Client Data Analyst,JPMorganChase,"Bengaluru, Karnataka, India",3 days ago,https://in.linkedin.com/jobs/view/client-data-analyst-at-jpmorganchase-4336951985?position=1&pageNum=7&refId=UF6xser21elgnbwNdjmH7w%3D%3D&trackingId=R86QrQurJ58EHkzYRD1FlQ%3D%3D
ML Data Associate-II,Amazon,"Hyderabad, Telangana, India",3 days ago,https://in.linkedin.com/jobs/view/ml-data-associate-ii-at-amazon-4332069478?position=2&pageNum=7&refId=UF6xser21elgnbwNdjmH7w%3D%3D&trackingId=4%2Fa0LK7SgSBBfm9edzClnw%3D%3D
Python with SQL and AWS,Cognizant,"Hyderabad, Telangana, India",Recent,https://in.linkedin.com/jobs/view/python-with-sql-and-aws-at-cognizant-4324010361?position=3&pageNum=7&refId=UF6xser21elgnbwNdjmH7w%3D%3D&trackingId=MOcbDuY6cOAIYmzwq7o9Dg%3D%3D
Data Visualisation Analyst - VOIS,VOIS,"Pune, Maharashtra, India",4 days ago,https://in.linkedin.com/jobs/view/data-visualisation-analyst-vois-at-vois-4336314775?position=4&pageNum=7&refId=UF6xser21elgnbwNdjmH7w%3D%3D&trackingId=8KncP33l%2BbnQ0HncvGqxEw%3D%3D
Associate Data Analyst - REFM,Circle K,"Gurugram, Haryana, India",3 days ago,https://in.linkedin.com/jobs/view/associate-data-analyst-refm-at-circle-k-4323024631?position=5&pageNum=7&refId=UF6xser21elgnbwNdjmH7w%3D%3D&trackingId=EsH9Hc4FYbwaxucfOcf9Cg%3D%3D
Data Analyst,Aon,"Bengaluru, Karnataka, India",2 days ago,https://in.linkedin.com/jobs/view/data-analyst-at-aon-4332791805?position=6&pageNum=7&refId=UF6xser21elgnbwNdjmH7w%3D%3D&trackingId=tdpj%2Bytne5qXlnV%2FTMPM3g%3D%3D
AVP - Data Analytics [T500-21488],MUFG,"Bengaluru, Karnataka, India",3 days ago,https://in.linkedin.com/jobs/view/avp-data-analytics-t500-21488-at-mufg-4336597125?position=7&pageNum=7&refId=UF6xser21elgnbwNdjmH7w%3D%3D&trackingId=adk0OgUSbBjM9gC0VAXauQ%3D%3D
"Associate Data Analyst – Looker, PowerBI, DAX, SQL, Python, R, SSAS, C#, .NET, GCP",UPS,"Chennai, Tamil Nadu, India",3 days ago,https://in.linkedin.com/jobs/view/associate-data-analyst-%E2%80%93-looker-powerbi-dax-sql-python-r-ssas-c%23-net-gcp-at-ups-4323124523?position=8&pageNum=7&refId=UF6xser21elgnbwNdjmH7w%3D%3D&trackingId=%2B89X3cpHT5NlVblX6tNy%2BA%3D%3D
BI Analyst,Shell,"Bengaluru East, Karnataka, India",3 days ago,https://in.linkedin.com/jobs/view/bi-analyst-at-shell-4323055013?position=9&pageNum=7&refId=UF6xser21elgnbwNdjmH7w%3D%3D&trackingId=oQmDkFhRNbBDQpVDcL%2BZfg%3D%3D
Associate,PwC India,"Mumbai, Maharashtra, India",4 days ago,https://in.linkedin.com/jobs/view/associate-at-pwc-india-4331866039?position=10&pageNum=7&refId=UF6xser21elgnbwNdjmH7w%3D%3D&trackingId=LvXN6GhAcZ0zUV1foep4TA%3D%3D
Data Analyst,Precision AQ,India,2 days ago,https://in.linkedin.com/jobs/view/data-analyst-at-precision-aq-4323344966?position=1&pageNum=10&refId=0oB3AtpSXoP%2Fw5iiydLHrg%3D%3D&trackingId=CCab77TzAKFDx822fNzjfQ%3D%3D
MDM Senior Analyst,NielsenIQ,Pune/Pimpri-Chinchwad Area,3 days ago,https://in.linkedin.com/jobs/view/mdm-senior-analyst-at-nielseniq-4323084869?position=2&pageNum=10&refId=0oB3AtpSXoP%2Fw5iiydLHrg%3D%3D&trackingId=ZFDD0mUKpyfJsos9qXBWtw%3D%3D
Data Analyst (Remote),Taskify AI,India,2 days ago,https://in.linkedin.com/jobs/view/data-analyst-remote-at-taskify-ai-4336907116?position=3&pageNum=10&refId=0oB3AtpSXoP%2Fw5iiydLHrg%3D%3D&trackingId=SXfxQrv2zVtd75it3VOlsA%3D%3D
Data Analytics Associate,Scoutit,"Bengaluru, Karnataka, India",1 day ago,https://in.linkedin.com/jobs/view/data-analytics-associate-at-scoutit-4323482284?position=4&pageNum=10&refId=0oB3AtpSXoP%2Fw5iiydLHrg%3D%3D&trackingId=51zoYhY3v2IGuFr%2FL9FngQ%3D%3D
Data Analyst,Precision Medicine Group,India,2 days ago,https://in.linkedin.com/jobs/view/data-analyst-at-precision-medicine-group-4323245112?position=5&pageNum=10&refId=0oB3AtpSXoP%2Fw5iiydLHrg%3D%3D&trackingId=pndWTNOxtYfuZovuypnq5g%3D%3D
Data Management Associate,JPMorganChase,"Bengaluru, Karnataka, India",4 days ago,https://in.linkedin.com/jobs/view/data-management-associate-at-jpmorganchase-4336682492?position=6&pageNum=10&refId=0oB3AtpSXoP%2Fw5iiydLHrg%3D%3D&trackingId=TLuDdXKSZjcVb53bpDu0JA%3D%3D
Analyst,eClerx,"Pune, Maharashtra, India",3 days ago,https://in.linkedin.com/jobs/view/analyst-at-eclerx-4336687679?position=7&pageNum=10&refId=0oB3AtpSXoP%2Fw5iiydLHrg%3D%3D&trackingId=GHDb0yZn8OelyyENHKHT3A%3D%3D
Data & Business Intelligence Analyst,UPS,"Chennai, Tamil Nadu, India",1 week ago,https://in.linkedin.com/jobs/view/data-business-intelligence-analyst-at-ups-4262164734?position=8&pageNum=10&refId=0oB3AtpSXoP%2Fw5iiydLHrg%3D%3D&trackingId=nDXOBsfVGdqG8t1HYDgZaQ%3D%3D
Data & Business Intelligence Analyst,UPS,"Chennai, Tamil Nadu, India",1 week ago,https://in.linkedin.com/jobs/view/data-business-intelligence-analyst-at-ups-4262163732?position=9&pageNum=10&refId=0oB3AtpSXoP%2Fw5iiydLHrg%3D%3D&trackingId=R%2F1LL%2FP348c1qoaZvAhiJQ%3D%3D
Associate,ZoomRx,India,3 days ago,https://in.linkedin.com/jobs/view/associate-at-zoomrx-4323043129?position=10&pageNum=10&refId=0oB3AtpSXoP%2Fw5iiydLHrg%3D%3D&trackingId=oyRcoNhUaLuAC%2F%2BA%2FkmhNQ%3D%3D
Data Analyst,Policybazaar.com,"Gurugram, Haryana, India",Recent,https://in.linkedin.com/jobs/view/data-analyst-at-policybazaar-com-4341988211?position=1&pageNum=12&refId=rgS1n%2BFS0IAkFETp4X%2Fv1A%3D%3D&trackingId=CMTvOEf8URig7pudVhnD1w%3D%3D
Senior Analyst - Data Analytics,American Express,"Gurugram, Haryana, India",3 days ago,https://in.linkedin.com/jobs/view/senior-analyst-data-analytics-at-american-express-4336911072?position=2&pageNum=12&refId=rgS1n%2BFS0IAkFETp4X%2Fv1A%3D%3D&trackingId=TtN3UidoHq4mHaCbaYE%2F2g%3D%3D
PowerBI -Azure/SQL,Publicis Re:Sources,"Gurgaon, Haryana, India",Recent,https://in.linkedin.com/jobs/view/powerbi-azure-sql-at-publicis-re-sources-4138179975?position=3&pageNum=12&refId=rgS1n%2BFS0IAkFETp4X%2Fv1A%3D%3D&trackingId=0eumLdGk46OoZhaYXV90Rg%3D%3D
Business Intelligence Analyst,InCred Money,"Mumbai, Maharashtra, India",Recent,https://in.linkedin.com/jobs/view/business-intelligence-analyst-at-incred-money-4323697030?position=4&pageNum=12&refId=rgS1n%2BFS0IAkFETp4X%2Fv1A%3D%3D&trackingId=DyQoswBJL869f%2BebJMS%2B8g%3D%3D
Data Analyst / Business Analyst,ACL Digital,"Bengaluru, Karnataka, India",1 week ago,https://in.linkedin.com/jobs/view/data-analyst-business-analyst-at-acl-digital-4322592497?position=5&pageNum=12&refId=rgS1n%2BFS0IAkFETp4X%2Fv1A%3D%3D&trackingId=j4V703bUHLOi6%2ByVqPt8mA%3D%3D
Data Analyst,Indium,"Bengaluru, Karnataka, India",1 day ago,https://in.linkedin.com/jobs/view/data-analyst-at-indium-4318230163?position=6&pageNum=12&refId=rgS1n%2BFS0IAkFETp4X%2Fv1A%3D%3D&trackingId=0mNQ%2Fssdz%2FMQmlOoqq6M0g%3D%3D
Research Scientist,NielsenIQ,"Chennai, Tamil Nadu, India",3 days ago,https://in.linkedin.com/jobs/view/research-scientist-at-nielseniq-4323270968?position=7&pageNum=12&refId=rgS1n%2BFS0IAkFETp4X%2Fv1A%3D%3D&trackingId=VUGEbTRjG6%2BL3kY9G%2Flx3A%3D%3D
Associate Data Scientist,Swiggy,"Bengaluru, Karnataka, India",Recent,https://in.linkedin.com/jobs/view/associate-data-scientist-at-swiggy-4324110761?position=8&pageNum=12&refId=rgS1n%2BFS0IAkFETp4X%2Fv1A%3D%3D&trackingId=3dK%2BDfcllyYeP%2BpWlajMFg%3D%3D
Data Analyst,Scoutit,"New Delhi, Delhi, India",6 days ago,https://in.linkedin.com/jobs/view/data-analyst-at-scoutit-4322912349?position=9&pageNum=12&refId=rgS1n%2BFS0IAkFETp4X%2Fv1A%3D%3D&trackingId=yj1GLGCFFA3b8iTTTerQUQ%3D%3D
Sr. Manager - Data Science,NielsenIQ,Pune/Pimpri-Chinchwad Area,3 days ago,https://in.linkedin.com/jobs/view/sr-manager-data-science-at-nielseniq-4323124774?position=10&pageNum=12&refId=rgS1n%2BFS0IAkFETp4X%2Fv1A%3D%3D&trackingId=JYcIaal7vHjevUWSIKbvWA%3D%3D
Climate Data Analyst,Palladium: Make It Possible,"Mumbai, Maharashtra, India",5 days ago,https://in.linkedin.com/jobs/view/climate-data-analyst-at-palladium-make-it-possible-4336382769?position=1&pageNum=15&refId=0Hvp09ObqAM%2F2neDnUhILw%3D%3D&trackingId=qWuAQZmUQpj7i6i4I%2F5Rqw%3D%3D
Data Analyst,Talent Integrators,"New Delhi, Delhi, India",6 days ago,https://in.linkedin.com/jobs/view/data-analyst-at-talent-integrators-4322800523?position=2&pageNum=15&refId=0Hvp09ObqAM%2F2neDnUhILw%3D%3D&trackingId=0Tn7U08Cy6IFmEte46jiFw%3D%3D
Associate Data Scientist,Swiggy,"Bengaluru, Karnataka, India",Recent,https://in.linkedin.com/jobs/view/associate-data-scientist-at-swiggy-4324190680?position=3&pageNum=15&refId=0Hvp09ObqAM%2F2neDnUhILw%3D%3D&trackingId=mH7Q8Q0uo9YjRZxQUXi%2FRA%3D%3D
Analyst,Innodata Inc.,India,4 days ago,https://in.linkedin.com/jobs/view/analyst-at-innodata-inc-4341195907?position=4&pageNum=15&refId=0Hvp09ObqAM%2F2neDnUhILw%3D%3D&trackingId=pHw0U4p26z7HR6xjvKI4Mw%3D%3D
Associate Data Analyst - Promotions,Circle K,"Gurugram, Haryana, India",3 days ago,https://in.linkedin.com/jobs/view/associate-data-analyst-promotions-at-circle-k-4323094285?position=5&pageNum=15&refId=0Hvp09ObqAM%2F2neDnUhILw%3D%3D&trackingId=vYXU7aU81XZepdcoZitAlA%3D%3D
"PowerBI, SQL, Azure",Publicis Re:Sources,"Gurgaon, Haryana, India",Recent,https://in.linkedin.com/jobs/view/powerbi-sql-azure-at-publicis-re-sources-4262175196?position=6&pageNum=15&refId=0Hvp09ObqAM%2F2neDnUhILw%3D%3D&trackingId=I%2BJe90U0PjfhWHPeifuDMQ%3D%3D
4605084-Assistant Manager,EXL,"Gurugram, Haryana, India",4 days ago,https://in.linkedin.com/jobs/view/4605084-assistant-manager-at-exl-4304155907?position=7&pageNum=15&refId=0Hvp09ObqAM%2F2neDnUhILw%3D%3D&trackingId=XPdTufkGFb5KkdY1MKe%2FOQ%3D%3D
Data Annotator,Samsara,"Bengaluru, Karnataka, India",2 days ago,https://in.linkedin.com/jobs/view/data-annotator-at-samsara-4341412654?position=8&pageNum=15&refId=0Hvp09ObqAM%2F2neDnUhILw%3D%3D&trackingId=AEHyuY1z2GloJbddSkfeYQ%3D%3D
Analyst - Central POD,slice,"Bengaluru, Karnataka, India",3 days ago,https://in.linkedin.com/jobs/view/analyst-central-pod-at-slice-4336866464?position=9&pageNum=15&refId=0Hvp09ObqAM%2F2neDnUhILw%3D%3D&trackingId=Hfzd7qtunV2Bh22jIS05Vw%3D%3D
Analyst - Reporting and Automation [T500-20904],MUFG,"Mumbai, Maharashtra, India",1 week ago,https://in.linkedin.com/jobs/view/analyst-reporting-and-automation-t500-20904-at-mufg-4315163375?position=10&pageNum=15&refId=0Hvp09ObqAM%2F2neDnUhILw%3D%3D&trackingId=y7xcFLbdtXmKluTAjlGcAw%3D%3D
Healthcare Research & Data Analyst,Clarivate,"Karnataka, India",Recent,https://in.linkedin.com/jobs/view/healthcare-research-data-analyst-at-clarivate-4310864267?position=1&pageNum=17&refId=kg4ZYLbJGpZzamivegW2Fw%3D%3D&trackingId=QeT8JOXGY%2BxFO5hGSCy8yw%3D%3D
Azure Data Analyst,Tata Consultancy Services,"Hyderabad, Telangana, India",1 week ago,https://in.linkedin.com/jobs/view/azure-data-analyst-at-tata-consultancy-services-4322702714?position=2&pageNum=17&refId=kg4ZYLbJGpZzamivegW2Fw%3D%3D&trackingId=0wRv5ugk%2Bhgb7HR5cdI6rQ%3D%3D
Data Science Intern,Shink,India,3 days ago,https://in.linkedin.com/jobs/view/data-science-intern-at-shink-4340927436?position=3&pageNum=17&refId=kg4ZYLbJGpZzamivegW2Fw%3D%3D&trackingId=aLRNVEcCMe9irq9OsSMHNw%3D%3D
ML Data Associate-II,Amazon,"Chennai, Tamil Nadu, India",5 days ago,https://in.linkedin.com/jobs/view/ml-data-associate-ii-at-amazon-4264263866?position=4&pageNum=17&refId=kg4ZYLbJGpZzamivegW2Fw%3D%3D&trackingId=%2BTXTSr7HYmn3utDNUF%2Fp0A%3D%3D
Data Analyst,Data Unveil,"Hyderabad, Telangana, India",3 days ago,https://in.linkedin.com/jobs/view/data-analyst-at-data-unveil-4337005784?position=5&pageNum=17&refId=kg4ZYLbJGpZzamivegW2Fw%3D%3D&trackingId=BLcPicaVcsvW%2FNY%2BawqkmA%3D%3D
Data Analyst,Scoutit,"Chennai, Tamil Nadu, India",6 days ago,https://in.linkedin.com/jobs/view/data-analyst-at-scoutit-4322832396?position=6&pageNum=17&refId=kg4ZYLbJGpZzamivegW2Fw%3D%3D&trackingId=l2kVtH6tSeXLuVvwCPIxIQ%3D%3D
BI/Data Analytics Team Lead,Shell,"Bengaluru, Karnataka, India",3 days ago,https://in.linkedin.com/jobs/view/bi-data-analytics-team-lead-at-shell-4323005203?position=7&pageNum=17&refId=kg4ZYLbJGpZzamivegW2Fw%3D%3D&trackingId=To6BFia4KYxbp1NvhGDORg%3D%3D
Data Annotator,Innodata Inc.,India,1 week ago,https://in.linkedin.com/jobs/view/data-annotator-at-innodata-inc-4340224362?position=8&pageNum=17&refId=kg4ZYLbJGpZzamivegW2Fw%3D%3D&trackingId=b0yNRXGVsVcuwv%2Bt4%2FZzXw%3D%3D
Lead - Data Science (INAI),Blue Altair,"Pune, Maharashtra, India",1 week ago,https://in.linkedin.com/jobs/view/lead-data-science-inai-at-blue-altair-4336310211?position=9&pageNum=17&refId=kg4ZYLbJGpZzamivegW2Fw%3D%3D&trackingId=tA%2BVcUreDrbq89117NSZuw%3D%3D
Finance Data Analyst 1,RSM US LLP,"Bengaluru, Karnataka, India",1 day ago,https://in.linkedin.com/jobs/view/finance-data-analyst-1-at-rsm-us-llp-4302177467?position=10&pageNum=17&refId=kg4ZYLbJGpZzamivegW2Fw%3D%3D&trackingId=vd5KCjiP4%2Fn9%2BjMXiNEy%2BQ%3D%3D
Data Management Associate,JPMorganChase,"Bengaluru, Karnataka, India",3 days ago,https://in.linkedin.com/jobs/view/data-management-associate-at-jpmorganchase-4332357867?position=1&pageNum=20&refId=JrJCVurhg5d8oe7BmQgd9g%3D%3D&trackingId=kE2fevayhWtG1Y6axCIADA%3D%3D
Data Annotator,Innodata Inc.,India,1 week ago,https://in.linkedin.com/jobs/view/data-annotator-at-innodata-inc-4340681226?position=2&pageNum=20&refId=JrJCVurhg5d8oe7BmQgd9g%3D%3D&trackingId=jZmbB2%2Fr5cVECtLGGtfAMQ%3D%3D
Data Annotator,Innodata Inc.,India,1 week ago,https://in.linkedin.com/jobs/view/data-annotator-at-innodata-inc-4340871012?position=3&pageNum=20&refId=JrJCVurhg5d8oe7BmQgd9g%3D%3D&trackingId=nj%2FTb9BFsdKsoCNre7lSnQ%3D%3D
Associate Healthcare Research & Data Analyst,Clarivate,"Karnataka, India",1 day ago,https://in.linkedin.com/jobs/view/associate-healthcare-research-data-analyst-at-clarivate-4332943977?position=4&pageNum=20&refId=JrJCVurhg5d8oe7BmQgd9g%3D%3D&trackingId=Jq9Lz946ED4sMckiDDDQtQ%3D%3D
Product Analyst,ShareChat,"Bangalore Urban, Karnataka, India",4 days ago,https://in.linkedin.com/jobs/view/product-analyst-at-sharechat-4336552294?position=5&pageNum=20&refId=JrJCVurhg5d8oe7BmQgd9g%3D%3D&trackingId=owGeODGEuqeogp%2FaxnkFyg%3D%3D
SAS Analyst,Cube Hub Inc.,India,1 week ago,https://in.linkedin.com/jobs/view/sas-analyst-at-cube-hub-inc-4322490104?position=6&pageNum=20&refId=JrJCVurhg5d8oe7BmQgd9g%3D%3D&trackingId=5xR%2BKeQtGeIDNHfA48isyQ%3D%3D
Data Engineer,Persistent Systems,"Pune, Maharashtra, India",3 days ago,https://in.linkedin.com/jobs/view/data-engineer-at-persistent-systems-4341167994?position=7&pageNum=20&refId=JrJCVurhg5d8oe7BmQgd9g%3D%3D&trackingId=8f4%2BFJZ%2FZYq8tx3pMEzA6Q%3D%3D
HR Data Analyst,bp,"Pune, Maharashtra, India",1 day ago,https://in.linkedin.com/jobs/view/hr-data-analyst-at-bp-4347031816?position=8&pageNum=20&refId=JrJCVurhg5d8oe7BmQgd9g%3D%3D&trackingId=VutGJYu3eBpT5IUrYNN67g%3D%3D
BI Analyst,NuageCX Consulting Pvt Ltd,"Haveli, Maharashtra, India",3 days ago,https://in.linkedin.com/jobs/view/bi-analyst-at-nuagecx-consulting-pvt-ltd-4323363641?position=9&pageNum=20&refId=JrJCVurhg5d8oe7BmQgd9g%3D%3D&trackingId=TBuK9e0SPsMnpCKBl94RDQ%3D%3D
Executives,EXL,"Bengaluru, Karnataka, India",4 days ago,https://in.linkedin.com/jobs/view/executives-at-exl-4334625618?position=10&pageNum=20&refId=JrJCVurhg5d8oe7BmQgd9g%3D%3D&trackingId=g84rNKJI8XT7gAZBVLKb4w%3D%3D
Data Analyst - Alteryx/SQL (Remote),QAAgility Technologies,"Bengaluru, Karnataka, India",1 day ago,https://in.linkedin.com/jobs/view/data-analyst-alteryx-sql-remote-at-qaagility-technologies-4323561975?position=1&pageNum=22&refId=npEM7QfB%2FCBsvjQbFpM%2BiA%3D%3D&trackingId=yhTaujo2N00ZK7Ce5jeN1Q%3D%3D
"Data Analyst II, Data AI Analytics",McCain Foods,"Gurgaon, Haryana, India",1 day ago,https://in.linkedin.com/jobs/view/data-analyst-ii-data-ai-analytics-at-mccain-foods-4337116496?position=2&pageNum=22&refId=npEM7QfB%2FCBsvjQbFpM%2BiA%3D%3D&trackingId=Psag%2Bv3LF7H135kIgPdW0w%3D%3D
Associate Researcher,Sambodhi Research and Communications Pvt. Ltd.,India,3 days ago,https://in.linkedin.com/jobs/view/associate-researcher-at-sambodhi-research-and-communications-pvt-ltd-4323033669?position=3&pageNum=22&refId=npEM7QfB%2FCBsvjQbFpM%2BiA%3D%3D&trackingId=vOW5oafVJ2sZ8Ki0LPobgw%3D%3D
Analyst-Business Analytics-Analytics,EXL,"Gurugram, Haryana, India",4 days ago,https://in.linkedin.com/jobs/view/analyst-business-analytics-analytics-at-exl-4332053279?position=4&pageNum=22&refId=npEM7QfB%2FCBsvjQbFpM%2BiA%3D%3D&trackingId=go%2BO27Q8pp7hovBiDt44yA%3D%3D
Data Analyst,upGrad Rekrut,"Pune, Maharashtra, India",1 week ago,https://in.linkedin.com/jobs/view/data-analyst-at-upgrad-rekrut-4322039121?position=5&pageNum=22&refId=npEM7QfB%2FCBsvjQbFpM%2BiA%3D%3D&trackingId=esabCH024gjf7Hf%2BtSuquw%3D%3D
Data Engineer,Albert Invent,"Bengaluru, Karnataka, India",3 days ago,https://in.linkedin.com/jobs/view/data-engineer-at-albert-invent-4341328373?position=6&pageNum=22&refId=npEM7QfB%2FCBsvjQbFpM%2BiA%3D%3D&trackingId=H3Yzri8X%2Bl35ti6bmRyfJg%3D%3D
Data Science,Microsoft,"Bengaluru, Karnataka, India",2 days ago,https://in.linkedin.com/jobs/view/data-science-at-microsoft-4341682879?position=7&pageNum=22&refId=npEM7QfB%2FCBsvjQbFpM%2BiA%3D%3D&trackingId=FhfJOMOf0pvhty6Fx8cfOg%3D%3D
Senior Data Analyst,Moniepoint Group,"Bengaluru East, Karnataka, India",Recent,https://in.linkedin.com/jobs/view/senior-data-analyst-at-moniepoint-group-4323721067?position=8&pageNum=22&refId=npEM7QfB%2FCBsvjQbFpM%2BiA%3D%3D&trackingId=185yHnBZhiDCGfMIE4om8w%3D%3D
Online Data Analyst,TELUS Digital,"Muzaffarnagar, Uttar Pradesh, India",1 week ago,https://in.linkedin.com/jobs/view/online-data-analyst-at-telus-digital-4336220282?position=9&pageNum=22&refId=npEM7QfB%2FCBsvjQbFpM%2BiA%3D%3D&trackingId=I6AzSpCdg6BGzThqP6p6tg%3D%3D
Consultant- Analytics,MetLife,"Noida, Uttar Pradesh, India",1 day ago,https://in.linkedin.com/jobs/view/consultant-analytics-at-metlife-4323483311?position=10&pageNum=22&refId=npEM7QfB%2FCBsvjQbFpM%2BiA%3D%3D&trackingId=%2BKTnVNQtB6D6YHzN5u%2B%2BhQ%3D%3D
Online Data Analyst,TELUS Digital,"Ballia, Uttar Pradesh, India",1 week ago,https://in.linkedin.com/jobs/view/online-data-analyst-at-telus-digital-4336090577?position=1&pageNum=25&refId=yExMIrH2ehU33B%2FG1RG%2BZg%3D%3D&trackingId=mfZQ7%2FQfhISouKYW%2F7%2BFkA%3D%3D
"Data Operations, Aladdin Data, Analyst",BlackRock,"Mumbai, Maharashtra, India",Recent,https://in.linkedin.com/jobs/view/data-operations-aladdin-data-analyst-at-blackrock-4338338390?position=2&pageNum=25&refId=yExMIrH2ehU33B%2FG1RG%2BZg%3D%3D&trackingId=n%2FhUOrQpNnDY8h8pT%2B%2F7zw%3D%3D
Sr. IT Data Analyst,Persistent Systems,"Pune, Maharashtra, India",1 week ago,https://in.linkedin.com/jobs/view/sr-it-data-analyst-at-persistent-systems-4340560384?position=3&pageNum=25&refId=yExMIrH2ehU33B%2FG1RG%2BZg%3D%3D&trackingId=hNo3Q11FhWSNN9UlguqtZg%3D%3D
Senior Data Analyst,Recro,"Bengaluru, Karnataka, India",1 week ago,https://in.linkedin.com/jobs/view/senior-data-analyst-at-recro-4322711330?position=4&pageNum=25&refId=yExMIrH2ehU33B%2FG1RG%2BZg%3D%3D&trackingId=RFi9YT61zxOS0%2BiRrLY7PQ%3D%3D
Data Analyst - Quality Assurance,Glean,"Bengaluru, Karnataka, India",Recent,https://in.linkedin.com/jobs/view/data-analyst-quality-assurance-at-glean-4302716040?position=5&pageNum=25&refId=yExMIrH2ehU33B%2FG1RG%2BZg%3D%3D&trackingId=GLrfLeuvk9KtfaKCH1PXqg%3D%3D
4700096-Lead Assistant Manager,EXL,"Gurugram, Haryana, India",4 days ago,https://in.linkedin.com/jobs/view/4700096-lead-assistant-manager-at-exl-4304116047?position=6&pageNum=25&refId=yExMIrH2ehU33B%2FG1RG%2BZg%3D%3D&trackingId=sMKYsZBbCVqr4OjR%2BU%2B%2F8A%3D%3D
Data Analyst (Advanced Excel) in Mumbai,Concave Insights,Mumbai Metropolitan Region,3 days ago,https://in.linkedin.com/jobs/view/data-analyst-advanced-excel-in-mumbai-at-concave-insights-4336884501?position=7&pageNum=25&refId=yExMIrH2ehU33B%2FG1RG%2BZg%3D%3D&trackingId=4eC8Wv4Y7BsQ%2B%2FK3eeyVRg%3D%3D
Data Analyst,Auditics Private Limited,"Pune, Maharashtra, India",Recent,https://in.linkedin.com/jobs/view/data-analyst-at-auditics-private-limited-4323557535?position=8&pageNum=25&refId=yExMIrH2ehU33B%2FG1RG%2BZg%3D%3D&trackingId=qBpctsmRn4WN9sowHtFnYw%3D%3D
Developer (IC)-Data Management and Analytics-Data Ops/Data Analyst,EXL,"Noida, Uttar Pradesh, India",4 days ago,https://in.linkedin.com/jobs/view/developer-ic-data-management-and-analytics-data-ops-data-analyst-at-exl-4319917978?position=9&pageNum=25&refId=yExMIrH2ehU33B%2FG1RG%2BZg%3D%3D&trackingId=pdMHdXUQ25UUTnC96X0CDA%3D%3D
Healthcare Research & Data Analyst,Clarivate,"Noida, Uttar Pradesh, India",6 days ago,https://in.linkedin.com/jobs/view/healthcare-research-data-analyst-at-clarivate-4310537704?position=10&pageNum=25&refId=yExMIrH2ehU33B%2FG1RG%2BZg%3D%3D&trackingId=WukthbqGIzD%2BYILbiPgh5w%3D%3D
Analyst,eClerx,"Mumbai, Maharashtra, India",1 day ago,https://in.linkedin.com/jobs/view/analyst-at-eclerx-4302051283?position=1&pageNum=27&refId=HQHxqv79doNEgpW42cJpfQ%3D%3D&trackingId=dCu%2FET2nLfACLpbEwJQ5vQ%3D%3D
Online Data Analyst,TELUS Digital,"Agra, Uttar Pradesh, India",1 week ago,https://in.linkedin.com/jobs/view/online-data-analyst-at-telus-digital-4336190228?position=2&pageNum=27&refId=HQHxqv79doNEgpW42cJpfQ%3D%3D&trackingId=ITJgxB0K7DbSkawFj1l8uA%3D%3D
"Associate Data Analyst (New Graduate, Thai Speaking) (Marketing Analytics, Bangkok Based)",Agoda,"Pune, Maharashtra, India",1 week ago,https://in.linkedin.com/jobs/view/associate-data-analyst-new-graduate-thai-speaking-marketing-analytics-bangkok-based-at-agoda-4299758972?position=3&pageNum=27&refId=HQHxqv79doNEgpW42cJpfQ%3D%3D&trackingId=joIdItyHsgQ8xONKFYrHKQ%3D%3D
4605085-Lead Assistant Manager,EXL,"Gurugram, Haryana, India",4 days ago,https://in.linkedin.com/jobs/view/4605085-lead-assistant-manager-at-exl-4304158270?position=4&pageNum=27&refId=HQHxqv79doNEgpW42cJpfQ%3D%3D&trackingId=kV%2FO2xv0ae%2B4A8XQXQKhJQ%3D%3D
Analyst - ESG,Swiggy,"Bengaluru, Karnataka, India",4 days ago,https://in.linkedin.com/jobs/view/analyst-esg-at-swiggy-4322747488?position=5&pageNum=27&refId=HQHxqv79doNEgpW42cJpfQ%3D%3D&trackingId=KlWoelTU1vnmlVGAZ7C2Sw%3D%3D
Data Analyst,"Mettler-Toledo International, Inc","Mumbai, Maharashtra, India",1 week ago,https://in.linkedin.com/jobs/view/data-analyst-at-mettler-toledo-international-inc-4322235394?position=6&pageNum=27&refId=HQHxqv79doNEgpW42cJpfQ%3D%3D&trackingId=ISKDd%2FJj3elYXvvqSOjv2g%3D%3D
"Business Intelligence Analyst, FinOps IN BP",Amazon,"Bengaluru, Karnataka, India",2 days ago,https://in.linkedin.com/jobs/view/business-intelligence-analyst-finops-in-bp-at-amazon-4337251628?position=7&pageNum=27&refId=HQHxqv79doNEgpW42cJpfQ%3D%3D&trackingId=KjSlpQg9f7ZvO41UC39JJA%3D%3D
"Data Engineer(Python, Databricks, SQL, AWS)",Gainwell Technologies,"Bengaluru, Karnataka, India",3 days ago,https://in.linkedin.com/jobs/view/data-engineer-python-databricks-sql-aws-at-gainwell-technologies-4341147962?position=8&pageNum=27&refId=HQHxqv79doNEgpW42cJpfQ%3D%3D&trackingId=yDxiUMCn3yId9lNRyDZOeA%3D%3D
Payments Advisory - Data Analyst,JPMorganChase,"Mumbai, Maharashtra, India",3 days ago,https://in.linkedin.com/jobs/view/payments-advisory-data-analyst-at-jpmorganchase-4336862404?position=9&pageNum=27&refId=HQHxqv79doNEgpW42cJpfQ%3D%3D&trackingId=ObyuoNAhLOWvrZnloooK8Q%3D%3D
Online Data Analyst,TELUS Digital,"Deoria, Uttar Pradesh, India",1 week ago,https://in.linkedin.com/jobs/view/online-data-analyst-at-telus-digital-4336120513?position=10&pageNum=27&refId=HQHxqv79doNEgpW42cJpfQ%3D%3D&trackingId=c6lbyoPvY2GMjvRAwayQwQ%3D%3D
3869814-Lead Assistant Manager,EXL,"Noida, Uttar Pradesh, India",4 days ago,https://in.linkedin.com/jobs/view/3869814-lead-assistant-manager-at-exl-4313642448?position=1&pageNum=30&refId=%2FifBFmHhdBgwsge13dJi5w%3D%3D&trackingId=NNsI1RfB95k24eHIAzDVbA%3D%3D
Data Scientist,LTIMindtree,"Mumbai, Maharashtra, India",3 days ago,https://in.linkedin.com/jobs/view/data-scientist-at-ltimindtree-4341177583?position=2&pageNum=30&refId=%2FifBFmHhdBgwsge13dJi5w%3D%3D&trackingId=UHejjBSXyq6m%2F8Bg33STkA%3D%3D
BI & Data Analyst,HSBC,"Pune, Maharashtra, India",Recent,https://in.linkedin.com/jobs/view/bi-data-analyst-at-hsbc-4338386056?position=3&pageNum=30&refId=%2FifBFmHhdBgwsge13dJi5w%3D%3D&trackingId=xE7RgUYIv7hw%2FbZLJjaxjg%3D%3D
Data Analyst,Protofine.AI,"Hyderabad, Telangana, India",Recent,https://in.linkedin.com/jobs/view/data-analyst-at-protofine-ai-4324090619?position=4&pageNum=30&refId=%2FifBFmHhdBgwsge13dJi5w%3D%3D&trackingId=EzqQcvfNh0TlCaKYLcVrIw%3D%3D
Data and Business Intelligence Analyst,Opportunity International EduFinance,India,1 day ago,https://in.linkedin.com/jobs/view/data-and-business-intelligence-analyst-at-opportunity-international-edufinance-4337165506?position=5&pageNum=30&refId=%2FifBFmHhdBgwsge13dJi5w%3D%3D&trackingId=7MM9JQN7D0h2liJmirBeSg%3D%3D
Senior Analyst,HCLTech,"Gurugram, Haryana, India",Recent,https://in.linkedin.com/jobs/view/senior-analyst-at-hcltech-4338373737?position=6&pageNum=30&refId=%2FifBFmHhdBgwsge13dJi5w%3D%3D&trackingId=lJg9jOEYFjIb559SS1iDHA%3D%3D
Lead Assistant Manager,EXL,"Pune, Maharashtra, India",4 days ago,https://in.linkedin.com/jobs/view/lead-assistant-manager-at-exl-4333705036?position=7&pageNum=30&refId=%2FifBFmHhdBgwsge13dJi5w%3D%3D&trackingId=sQLU5AftAh7J4OeKncJckg%3D%3D
Online Data Analyst,TELUS Digital,"Fatehpur, Uttar Pradesh, India",1 week ago,https://in.linkedin.com/jobs/view/online-data-analyst-at-telus-digital-4336240174?position=8&pageNum=30&refId=%2FifBFmHhdBgwsge13dJi5w%3D%3D&trackingId=o1WfGva75ojjFT6nYQ4wQg%3D%3D
"Data Analyst in Gurgaon, Delhi",DecisionTree Analytics & Services,"Gurgaon, Haryana, India",1 week ago,https://in.linkedin.com/jobs/view/data-analyst-in-gurgaon-delhi-at-decisiontree-analytics-services-4335936090?position=9&pageNum=30&refId=%2FifBFmHhdBgwsge13dJi5w%3D%3D&trackingId=MbYAy%2B%2BBmapbUGqTh5SdgA%3D%3D
"Data Analyst in Gurgaon, Delhi",DecisionTree Analytics & Services,"Delhi, India",1 week ago,https://in.linkedin.com/jobs/view/data-analyst-in-gurgaon-delhi-at-decisiontree-analytics-services-4335876151?position=10&pageNum=30&refId=%2FifBFmHhdBgwsge13dJi5w%3D%3D&trackingId=k7nM0f8JhJVY0u08Vto7Ew%3D%3D
Senior Analyst / Analyst,Clearstate,"Gurugram, Haryana, India",1 week ago,https://in.linkedin.com/jobs/view/senior-analyst-analyst-at-clearstate-4322036528?position=1&pageNum=32&refId=VtnpvfyZYv3pknQLFX00dw%3D%3D&trackingId=WlGZLT6t%2FuCZOBQToSqwPA%3D%3D
Customer Data Analyst,Basware,"Chandigarh, India",4 days ago,https://in.linkedin.com/jobs/view/customer-data-analyst-at-basware-4309708602?position=2&pageNum=32&refId=VtnpvfyZYv3pknQLFX00dw%3D%3D&trackingId=LDioeS%2BaGByaTKWJ%2FlLYmA%3D%3D
"Analyst, Brand Insights",Azurity Pharmaceuticals,"Hyderabad, Telangana, India",1 week ago,https://in.linkedin.com/jobs/view/analyst-brand-insights-at-azurity-pharmaceuticals-4298915712?position=3&pageNum=32&refId=VtnpvfyZYv3pknQLFX00dw%3D%3D&trackingId=0EfmPRDXI%2BS2OcBLM5MXiQ%3D%3D
FHIR Data Analyst,Infosys,"Bengaluru East, Karnataka, India",3 days ago,https://in.linkedin.com/jobs/view/fhir-data-analyst-at-infosys-4332352631?position=4&pageNum=32&refId=VtnpvfyZYv3pknQLFX00dw%3D%3D&trackingId=I5xkHD%2F%2BdwStwPbeX6YFug%3D%3D
Online Data Analyst,TELUS Digital,"Fatehpur, Uttar Pradesh, India",1 week ago,https://in.linkedin.com/jobs/view/online-data-analyst-at-telus-digital-4336260138?position=5&pageNum=32&refId=VtnpvfyZYv3pknQLFX00dw%3D%3D&trackingId=4jWQd3Z8iLlbSOG3b%2BNsbg%3D%3D
Online Data Analyst,TELUS Digital,"Firozabad, Uttar Pradesh, India",1 week ago,https://in.linkedin.com/jobs/view/online-data-analyst-at-telus-digital-4336230204?position=6&pageNum=32&refId=VtnpvfyZYv3pknQLFX00dw%3D%3D&trackingId=V9St3TAvQ2DwY3FHwaXBfA%3D%3D
Associate Manager,HCLTech,"Noida, Uttar Pradesh, India",1 week ago,https://in.linkedin.com/jobs/view/associate-manager-at-hcltech-4335978115?position=7&pageNum=32&refId=VtnpvfyZYv3pknQLFX00dw%3D%3D&trackingId=dRkzaMJH8okUMe%2BCu5IzOg%3D%3D
Data Analyst,Youtag Infotech Private Limited,"Maharashtra, India",2 days ago,https://in.linkedin.com/jobs/view/data-analyst-at-youtag-infotech-private-limited-4323254415?position=8&pageNum=32&refId=VtnpvfyZYv3pknQLFX00dw%3D%3D&trackingId=9AgWNaJ0uFVHV6mBGNjAIw%3D%3D
Executive CEG,American Express,"Gurugram, Haryana, India",3 days ago,https://in.linkedin.com/jobs/view/executive-ceg-at-american-express-4336811338?position=9&pageNum=32&refId=VtnpvfyZYv3pknQLFX00dw%3D%3D&trackingId=ezje8oVxE%2FEc9cG8JptEgQ%3D%3D
1970743-Assistant Manager,EXL,"Gurugram, Haryana, India",4 days ago,https://in.linkedin.com/jobs/view/1970743-assistant-manager-at-exl-4304159196?position=10&pageNum=32&refId=VtnpvfyZYv3pknQLFX00dw%3D%3D&trackingId=WnwlRGC%2F4Q8pqPDz%2Fau5Cw%3D%3D
"Associate Data Analyst (New Graduate, Thai Speaking) (Marketing Analytics, Bangkok Based)",Agoda,"Hyderabad, Telangana, India",1 week ago,https://in.linkedin.com/jobs/view/associate-data-analyst-new-graduate-thai-speaking-marketing-analytics-bangkok-based-at-agoda-4299765663?position=1&pageNum=35&refId=KmVktSCG%2BB4XPT3WTLifgA%3D%3D&trackingId=EKVn1BLPTTMWEeFAFcHCTQ%3D%3D
Online Data Analyst,TELUS Digital,"Salem, Tamil Nadu, India",1 week ago,https://in.linkedin.com/jobs/view/online-data-analyst-at-telus-digital-4336150588?position=2&pageNum=35&refId=KmVktSCG%2BB4XPT3WTLifgA%3D%3D&trackingId=RyyPaiO8UeuPW57yzGvaJw%3D%3D
Data Scientist,Danone,India,2 days ago,https://in.linkedin.com/jobs/view/data-scientist-at-danone-4336867984?position=3&pageNum=35&refId=KmVktSCG%2BB4XPT3WTLifgA%3D%3D&trackingId=dDn0cAi9uC1uMEmOtBX54Q%3D%3D
Data Analyst,Youtag Infotech Private Limited,"Aurangabad, Maharashtra, India",2 days ago,https://in.linkedin.com/jobs/view/data-analyst-at-youtag-infotech-private-limited-4323314211?position=4&pageNum=35&refId=KmVktSCG%2BB4XPT3WTLifgA%3D%3D&trackingId=s5p1BH4ebFo%2Bx9Yn%2F392BA%3D%3D
4594082-Senior Executive,EXL,"Noida, Uttar Pradesh, India",4 days ago,https://in.linkedin.com/jobs/view/4594082-senior-executive-at-exl-4313640464?position=5&pageNum=35&refId=KmVktSCG%2BB4XPT3WTLifgA%3D%3D&trackingId=7NEsdIYuyqph4dMNhwrsVw%3D%3D
Online Data Analyst,TELUS Digital,"Raebareli, Uttar Pradesh, India",1 week ago,https://in.linkedin.com/jobs/view/online-data-analyst-at-telus-digital-4336160424?position=6&pageNum=35&refId=KmVktSCG%2BB4XPT3WTLifgA%3D%3D&trackingId=GQJKdI17dTSJSMIrRtqTUA%3D%3D
Data Annotator,VerbiQ,India,1 day ago,https://in.linkedin.com/jobs/view/data-annotator-at-verbiq-4337109169?position=7&pageNum=35&refId=KmVktSCG%2BB4XPT3WTLifgA%3D%3D&trackingId=vDXm6EwhIb6oxYABlMAUAw%3D%3D
2070747-Lead Assistant Manager,EXL,"Gurugram, Haryana, India",4 days ago,https://in.linkedin.com/jobs/view/2070747-lead-assistant-manager-at-exl-4304159206?position=8&pageNum=35&refId=KmVktSCG%2BB4XPT3WTLifgA%3D%3D&trackingId=KZDrvla2fFKVN1Cjzk%2B3UA%3D%3D
689796-Lead Assistant Manager,EXL,"Gurugram, Haryana, India",4 days ago,https://in.linkedin.com/jobs/view/689796-lead-assistant-manager-at-exl-4304113052?position=9&pageNum=35&refId=KmVktSCG%2BB4XPT3WTLifgA%3D%3D&trackingId=94Kl2r2yIIMMQBMW5cRaAQ%3D%3D
Business Intelligence Associate,Metyis,"Bengaluru, Karnataka, India",2 days ago,https://in.linkedin.com/jobs/view/business-intelligence-associate-at-metyis-4323403891?position=10&pageNum=35&refId=KmVktSCG%2BB4XPT3WTLifgA%3D%3D&trackingId=pHXW0%2FTMRnr65us9TSlVfQ%3D%3D
1970740-Lead Assistant Manager,EXL,"Gurugram, Haryana, India",4 days ago,https://in.linkedin.com/jobs/view/1970740-lead-assistant-manager-at-exl-4304166116?position=1&pageNum=37&refId=VbmqpTdZVqJsue0aBVAEvA%3D%3D&trackingId=CAd0OjkEbbIl%2FstDWJA5Ng%3D%3D
3562989-Lead Assistant Manager,EXL,"Gurugram, Haryana, India",4 days ago,https://in.linkedin.com/jobs/view/3562989-lead-assistant-manager-at-exl-4304171049?position=2&pageNum=37&refId=VbmqpTdZVqJsue0aBVAEvA%3D%3D&trackingId=Y7c%2FERykjSexIIv1uKo8LQ%3D%3D
Online Data Analyst,TELUS Digital,"Mau, Uttar Pradesh, India",1 week ago,https://in.linkedin.com/jobs/view/online-data-analyst-at-telus-digital-4336130531?position=3&pageNum=37&refId=VbmqpTdZVqJsue0aBVAEvA%3D%3D&trackingId=RanZplQfWtDHEHf4bXTawg%3D%3D
3563119-Lead Assistant Manager,EXL,"Gurugram, Haryana, India",4 days ago,https://in.linkedin.com/jobs/view/3563119-lead-assistant-manager-at-exl-4304108737?position=4&pageNum=37&refId=VbmqpTdZVqJsue0aBVAEvA%3D%3D&trackingId=Jp%2F%2BcaKeaOmowKvgDOrnnQ%3D%3D
Analyst,eClerx,"Mumbai, Maharashtra, India",1 week ago,https://in.linkedin.com/jobs/view/analyst-at-eclerx-4336043420?position=5&pageNum=37&refId=VbmqpTdZVqJsue0aBVAEvA%3D%3D&trackingId=UrrG6tFl4Dx%2BsqALgq9TqA%3D%3D
Senior Data Analyst-Payments,Roku,"Bengaluru, Karnataka, India",2 days ago,https://in.linkedin.com/jobs/view/senior-data-analyst-payments-at-roku-4313255826?position=6&pageNum=37&refId=VbmqpTdZVqJsue0aBVAEvA%3D%3D&trackingId=5GD87FvcnHTV7ajJwTMxQA%3D%3D
3609773-Lead Assistant Manager,EXL,"Gurugram, Haryana, India",4 days ago,https://in.linkedin.com/jobs/view/3609773-lead-assistant-manager-at-exl-4304170135?position=7&pageNum=37&refId=VbmqpTdZVqJsue0aBVAEvA%3D%3D&trackingId=Prh47n6jTnzmQrRV9Yu85A%3D%3D
Reconciliation Data Analyst,ITC Infotech,"Bengaluru, Karnataka, India",3 days ago,https://in.linkedin.com/jobs/view/reconciliation-data-analyst-at-itc-infotech-4336708596?position=8&pageNum=37&refId=VbmqpTdZVqJsue0aBVAEvA%3D%3D&trackingId=9xRyOcWiKdKvCZeQ9Uft3Q%3D%3D
Online Data Analyst,TELUS Digital,"Coimbatore, Tamil Nadu, India",1 week ago,https://in.linkedin.com/jobs/view/online-data-analyst-at-telus-digital-4336280223?position=9&pageNum=37&refId=VbmqpTdZVqJsue0aBVAEvA%3D%3D&trackingId=0060WtdHgm1Lp%2F4tkj0cdg%3D%3D
1985306-Lead Assistant Manager,EXL,"Gurugram, Haryana, India",4 days ago,https://in.linkedin.com/jobs/view/1985306-lead-assistant-manager-at-exl-4304170076?position=10&pageNum=37&refId=VbmqpTdZVqJsue0aBVAEvA%3D%3D&trackingId=JD5VIuH0eiBt40zmXZwX8g%3D%3D
EY - GDS Consulting - AI and DATA - Power BI - Senior-E,EY,"Pune, Maharashtra, India",4 days ago,https://in.linkedin.com/jobs/view/ey-gds-consulting-ai-and-data-power-bi-senior-e-at-ey-4322758937?position=1&pageNum=40&refId=33OzVQ6BW9kjyEX4rv7x8w%3D%3D&trackingId=1fuQpvp1pQ8Osgd4qtdQvQ%3D%3D
243326-Lead Assistant Manager,EXL,"Bengaluru, Karnataka, India",4 days ago,https://in.linkedin.com/jobs/view/243326-lead-assistant-manager-at-exl-4320549139?position=2&pageNum=40&refId=33OzVQ6BW9kjyEX4rv7x8w%3D%3D&trackingId=9OReExUcvFRExT7RG%2BNmtA%3D%3D
Research Analyst - 45426,Turing,"Hyderabad, Telangana, India",2 days ago,https://in.linkedin.com/jobs/view/research-analyst-45426-at-turing-4337210973?position=3&pageNum=40&refId=33OzVQ6BW9kjyEX4rv7x8w%3D%3D&trackingId=AGgb3sLIStHGjpsvgg6WfA%3D%3D
Research Analyst - 45426,Turing,"Gurugram, Haryana, India",2 days ago,https://in.linkedin.com/jobs/view/research-analyst-45426-at-turing-4337151231?position=4&pageNum=40&refId=33OzVQ6BW9kjyEX4rv7x8w%3D%3D&trackingId=2GwWDFXRfQmLUYKK%2F%2B11Og%3D%3D
Data Analyst Intern,Job Nexus India,India,2 days ago,https://in.linkedin.com/jobs/view/data-analyst-intern-at-job-nexus-india-4323389243?position=5&pageNum=40&refId=33OzVQ6BW9kjyEX4rv7x8w%3D%3D&trackingId=nAjqhGGZlaa9OEUCUglMsg%3D%3D
Senior Analyst-Data Science,American Express,"Gurugram, Haryana, India",1 week ago,https://in.linkedin.com/jobs/view/senior-analyst-data-science-at-american-express-4318581886?position=6&pageNum=40&refId=33OzVQ6BW9kjyEX4rv7x8w%3D%3D&trackingId=u97cK5rAoPxObJRaEJcF7A%3D%3D
Senior Associate Data Analytics L1,Publicis Sapient,"Bengaluru, Karnataka, India",3 days ago,https://in.linkedin.com/jobs/view/senior-associate-data-analytics-l1-at-publicis-sapient-4096801313?position=7&pageNum=40&refId=33OzVQ6BW9kjyEX4rv7x8w%3D%3D&trackingId=y%2BQQ%2FjE3iTb%2BUotM6MgLBA%3D%3D
FPS Data Analyst,Aptita,"Gurgaon, Haryana, India",1 day ago,https://in.linkedin.com/jobs/view/fps-data-analyst-at-aptita-4341847377?position=8&pageNum=40&refId=33OzVQ6BW9kjyEX4rv7x8w%3D%3D&trackingId=B66s6ZmV3onW9uKbYRtpAQ%3D%3D
Analyst,eClerx,"Pune, Maharashtra, India",1 week ago,https://in.linkedin.com/jobs/view/analyst-at-eclerx-4336092095?position=9&pageNum=40&refId=33OzVQ6BW9kjyEX4rv7x8w%3D%3D&trackingId=6vnsfZNw2PVVsMzpaF4tNw%3D%3D
Data Analyst,Youtag Infotech Private Limited,"Chandrapur, Maharashtra, India",2 days ago,https://in.linkedin.com/jobs/view/data-analyst-at-youtag-infotech-private-limited-4323374165?position=10&pageNum=40&refId=33OzVQ6BW9kjyEX4rv7x8w%3D%3D&trackingId=Hve6LHpuIo4jvhoKvF7SPQ%3D%3D
Product Analyst,MeasureOne,"Ahmedabad, Gujarat, India",3 days ago,https://in.linkedin.com/jobs/view/product-analyst-at-measureone-4340977284?position=1&pageNum=42&refId=3cIW5E%2FVOG9j4szEP4D84Q%3D%3D&trackingId=PzpfWi2znjZflsXRfcV%2BIg%3D%3D
Data Analyst,Youtag Infotech Private Limited,"Hingoli, Maharashtra, India",2 days ago,https://in.linkedin.com/jobs/view/data-analyst-at-youtag-infotech-private-limited-4323234425?position=2&pageNum=42&refId=3cIW5E%2FVOG9j4szEP4D84Q%3D%3D&trackingId=5yOK%2Fl7pclqir03YIqR7IA%3D%3D
Annotation Specialist,Innodata Inc.,India,1 week ago,https://in.linkedin.com/jobs/view/annotation-specialist-at-innodata-inc-4340233794?position=3&pageNum=42&refId=3cIW5E%2FVOG9j4szEP4D84Q%3D%3D&trackingId=8Ky%2FB7GNRCEoQyk1scyTMQ%3D%3D
Business Intelligence Developer,LTIMindtree,"Bhubaneswar, Odisha, India",1 day ago,https://in.linkedin.com/jobs/view/business-intelligence-developer-at-ltimindtree-4341911387?position=4&pageNum=42&refId=3cIW5E%2FVOG9j4szEP4D84Q%3D%3D&trackingId=UzAaxB8JoBgsbl4Wr5lx9w%3D%3D
Data Analyst Intern,Webs IT Solution,India,Recent,https://in.linkedin.com/jobs/view/data-analyst-intern-at-webs-it-solution-4338335838?position=5&pageNum=42&refId=3cIW5E%2FVOG9j4szEP4D84Q%3D%3D&trackingId=o2PWz4%2BlIK9n1JiDJ4m8Og%3D%3D
"Associate Data Analyst (New Graduate, Thai Speaking) (Marketing Analytics, Bangkok Based)",Agoda,"Lucknow, Uttar Pradesh, India",1 week ago,https://in.linkedin.com/jobs/view/associate-data-analyst-new-graduate-thai-speaking-marketing-analytics-bangkok-based-at-agoda-4299767619?position=6&pageNum=42&refId=3cIW5E%2FVOG9j4szEP4D84Q%3D%3D&trackingId=QrnPWaVYI6WsMn2HTCkHZg%3D%3D
Senior Data Analyst,Appnext,"Gurugram, Haryana, India",3 days ago,https://in.linkedin.com/jobs/view/senior-data-analyst-at-appnext-4323023085?position=7&pageNum=42&refId=3cIW5E%2FVOG9j4szEP4D84Q%3D%3D&trackingId=1oRN06MjwvWzdunR8vvfcA%3D%3D
Analyst,GlobalData Plc,"Hyderabad, Telangana, India",1 week ago,https://in.linkedin.com/jobs/view/analyst-at-globaldata-plc-4340524390?position=8&pageNum=42&refId=3cIW5E%2FVOG9j4szEP4D84Q%3D%3D&trackingId=GvWA9UzzpycbNHVV0zbFHg%3D%3D
3563492-Lead Assistant Manager,EXL,"Gurugram, Haryana, India",4 days ago,https://in.linkedin.com/jobs/view/3563492-lead-assistant-manager-at-exl-4304159211?position=9&pageNum=42&refId=3cIW5E%2FVOG9j4szEP4D84Q%3D%3D&trackingId=9uPAshaIv%2FPo3fYjJfmV6Q%3D%3D
4399375-Lead Assistant Manager,EXL,"Noida, Uttar Pradesh, India",4 days ago,https://in.linkedin.com/jobs/view/4399375-lead-assistant-manager-at-exl-4320549142?position=10&pageNum=42&refId=3cIW5E%2FVOG9j4szEP4D84Q%3D%3D&trackingId=YQ60mHdo%2BGhGGhzJLyFBPA%3D%3D
Research Analyst - 45426,Turing,"Gurugram, Haryana, India",2 days ago,https://in.linkedin.com/jobs/view/research-analyst-45426-at-turing-4337071424?position=1&pageNum=45&refId=vXDtlGCP9EEdxQQYBHjoaQ%3D%3D&trackingId=Aq%2BwiB1RXk12Fl6jpUwAqA%3D%3D
3562989-Lead Assistant Manager,EXL,"Gurugram, Haryana, India",4 days ago,https://in.linkedin.com/jobs/view/3562989-lead-assistant-manager-at-exl-4304167136?position=2&pageNum=45&refId=vXDtlGCP9EEdxQQYBHjoaQ%3D%3D&trackingId=CTOFZXVmG9j6VBHc8Crd%2Fw%3D%3D
2135752-Lead Assistant Manager,EXL,"Bengaluru, Karnataka, India",4 days ago,https://in.linkedin.com/jobs/view/2135752-lead-assistant-manager-at-exl-4320499302?position=3&pageNum=45&refId=vXDtlGCP9EEdxQQYBHjoaQ%3D%3D&trackingId=aO6fAokYnby2NlkNnZ5t3Q%3D%3D
Data Engineer,Ford Motor Company,"Chennai, Tamil Nadu, India",1 day ago,https://in.linkedin.com/jobs/view/data-engineer-at-ford-motor-company-4337235716?position=4&pageNum=45&refId=vXDtlGCP9EEdxQQYBHjoaQ%3D%3D&trackingId=WjVAUMyzE1EIDaijL15jEQ%3D%3D
BI Reporting,Barclays,"Bengaluru, Karnataka, India",Recent,https://in.linkedin.com/jobs/view/bi-reporting-at-barclays-4347230117?position=5&pageNum=45&refId=vXDtlGCP9EEdxQQYBHjoaQ%3D%3D&trackingId=5GrLWL6%2FScCpIRSSVlKSsQ%3D%3D
3874822-Lead Assistant Manager,EXL,"Bengaluru, Karnataka, India",4 days ago,https://in.linkedin.com/jobs/view/3874822-lead-assistant-manager-at-exl-4320419533?position=6&pageNum=45&refId=vXDtlGCP9EEdxQQYBHjoaQ%3D%3D&trackingId=q6jt1j2jAOldMbtGr8MhYg%3D%3D
4605086-Manager,EXL,"Gurugram, Haryana, India",4 days ago,https://in.linkedin.com/jobs/view/4605086-manager-at-exl-4320449371?position=7&pageNum=45&refId=vXDtlGCP9EEdxQQYBHjoaQ%3D%3D&trackingId=07c2ylaEsZobhsilhut6Bg%3D%3D
Online Data Analyst,TELUS Digital,"Tiruvottiyūr, Tamil Nadu, India",1 week ago,https://in.linkedin.com/jobs/view/online-data-analyst-at-telus-digital-4336260315?position=8&pageNum=45&refId=vXDtlGCP9EEdxQQYBHjoaQ%3D%3D&trackingId=bm1yHtj3dDerOtIZJBHdPA%3D%3D
Research Analyst - 45426,Turing,"Hyderabad, Telangana, India",2 days ago,https://in.linkedin.com/jobs/view/research-analyst-45426-at-turing-4337250730?position=9&pageNum=45&refId=vXDtlGCP9EEdxQQYBHjoaQ%3D%3D&trackingId=68HZ3kSzbpZUbSWbIduJBw%3D%3D
"Senior Data Analyst (Marketing Analytics, Bangkok Based, Relocation provided)",Agoda,Mumbai Metropolitan Region,1 week ago,https://in.linkedin.com/jobs/view/senior-data-analyst-marketing-analytics-bangkok-based-relocation-provided-at-agoda-4299758953?position=10&pageNum=45&refId=vXDtlGCP9EEdxQQYBHjoaQ%3D%3D&trackingId=wZkAJGpEPY%2BeY83YMCxXYg%3D%3D
Finance Data Analyst 2,RSM US LLP,"Bengaluru, Karnataka, India",1 day ago,https://in.linkedin.com/jobs/view/finance-data-analyst-2-at-rsm-us-llp-4302170662?position=1&pageNum=47&refId=9Pl9k6L1NqvMSATdu0ze5A%3D%3D&trackingId=OpfhNVQl6gx7d30qa5mpig%3D%3D
Data Simplification Analyst,Barclays,"Pune, Maharashtra, India",4 days ago,https://in.linkedin.com/jobs/view/data-simplification-analyst-at-barclays-4341324725?position=2&pageNum=47&refId=9Pl9k6L1NqvMSATdu0ze5A%3D%3D&trackingId=CPXjBbBZr3TH2Coe%2FPM4Jw%3D%3D
Quantitative Analyst,Crisil,"Pune, Maharashtra, India",5 days ago,https://in.linkedin.com/jobs/view/quantitative-analyst-at-crisil-4322784620?position=3&pageNum=47&refId=9Pl9k6L1NqvMSATdu0ze5A%3D%3D&trackingId=geHBtpnWzzvdH22S2Lfm6g%3D%3D
Product Analyst,Nium,"Bengaluru, Karnataka, India",4 days ago,https://in.linkedin.com/jobs/view/product-analyst-at-nium-4323142200?position=4&pageNum=47&refId=9Pl9k6L1NqvMSATdu0ze5A%3D%3D&trackingId=pniRITkmmadTLpwSJcmS5g%3D%3D
4400184-Lead Assistant Manager,EXL,"Gurugram, Haryana, India",4 days ago,https://in.linkedin.com/jobs/view/4400184-lead-assistant-manager-at-exl-4304109200?position=5&pageNum=47&refId=9Pl9k6L1NqvMSATdu0ze5A%3D%3D&trackingId=MLAGAb0JATXsktzpgwYl1A%3D%3D
Data Analyst,GoodSpace AI,India,Recent,https://in.linkedin.com/jobs/view/data-analyst-at-goodspace-ai-4341903121?position=6&pageNum=47&refId=9Pl9k6L1NqvMSATdu0ze5A%3D%3D&trackingId=X5EnGe1OOeD%2Bzb0p1Z6pYA%3D%3D
Freelance Data Analyst - English,TELUS Digital AI Data Solutions,Dhanbad-Ranchi Area,1 week ago,https://in.linkedin.com/jobs/view/freelance-data-analyst-english-at-telus-digital-ai-data-solutions-4336058748?position=7&pageNum=47&refId=9Pl9k6L1NqvMSATdu0ze5A%3D%3D&trackingId=CU04XrdzwF9abEtnBoy38g%3D%3D
4930084-Lead Assistant Manager,EXL,"Gurugram, Haryana, India",4 days ago,https://in.linkedin.com/jobs/view/4930084-lead-assistant-manager-at-exl-4304114061?position=8&pageNum=47&refId=9Pl9k6L1NqvMSATdu0ze5A%3D%3D&trackingId=5sJantqBBTzrFaYua%2F%2FmgQ%3D%3D
Sr Reporting Analyst,Ericsson,"Gurgaon, Haryana, India",1 day ago,https://in.linkedin.com/jobs/view/sr-reporting-analyst-at-ericsson-4319586362?position=9&pageNum=47&refId=9Pl9k6L1NqvMSATdu0ze5A%3D%3D&trackingId=WFG5qDhdYjSiv1OzTt7XxA%3D%3D
3877036-Assistant Manager,EXL,"Chennai, Tamil Nadu, India",4 days ago,https://in.linkedin.com/jobs/view/3877036-assistant-manager-at-exl-4313637556?position=10&pageNum=47&refId=9Pl9k6L1NqvMSATdu0ze5A%3D%3D&trackingId=%2BDC6xFml4S88Ci9trCUNfQ%3D%3D
Online Data Analyst,TELUS Digital,"Cuddalore, Tamil Nadu, India",1 week ago,https://in.linkedin.com/jobs/view/online-data-analyst-at-telus-digital-4336270245?position=1&pageNum=50&refId=bPSoeNzd19CkcEylcjX87g%3D%3D&trackingId=GxnoKbJOF4ttanEUuO2T7g%3D%3D
Assistant Manager - Data Analyst - Pune,VOIS,"Pune, Maharashtra, India",1 day ago,https://in.linkedin.com/jobs/view/assistant-manager-data-analyst-pune-at-vois-4336767339?position=2&pageNum=50&refId=bPSoeNzd19CkcEylcjX87g%3D%3D&trackingId=mFjH2qIQXyyBr2aEknxzHg%3D%3D
Data Analyst,Youtag Infotech Private Limited,"Sangli, Maharashtra, India",2 days ago,https://in.linkedin.com/jobs/view/data-analyst-at-youtag-infotech-private-limited-4323344296?position=3&pageNum=50&refId=bPSoeNzd19CkcEylcjX87g%3D%3D&trackingId=PXQSyNEC9PWl7L55gp5zEQ%3D%3D
Python Data Engineer,Synechron,"Pune, Maharashtra, India",3 days ago,https://in.linkedin.com/jobs/view/python-data-engineer-at-synechron-4340926337?position=4&pageNum=50&refId=bPSoeNzd19CkcEylcjX87g%3D%3D&trackingId=%2Bvnq%2BFuT0DdRox8rlJqLRw%3D%3D
Integration Data Analyst,Lloyd's Register,Mumbai Metropolitan Region,1 week ago,https://in.linkedin.com/jobs/view/integration-data-analyst-at-lloyd-s-register-4319043897?position=5&pageNum=50&refId=bPSoeNzd19CkcEylcjX87g%3D%3D&trackingId=NoVGEFGuQAk9L%2B%2FnRaYjng%3D%3D
"Analyst, Privacy",Live Nation Entertainment,"Gurugram, Haryana, India",3 days ago,https://in.linkedin.com/jobs/view/analyst-privacy-at-live-nation-entertainment-4336557582?position=6&pageNum=50&refId=bPSoeNzd19CkcEylcjX87g%3D%3D&trackingId=GooYWjr1YB5Y%2BNzrsBFSXA%3D%3D
Online Data Analyst,TELUS Digital,"Dindigul, Tamil Nadu, India",1 week ago,https://in.linkedin.com/jobs/view/online-data-analyst-at-telus-digital-4336280238?position=7&pageNum=50&refId=bPSoeNzd19CkcEylcjX87g%3D%3D&trackingId=8D6bZj19Bpl7inC6YWMOUA%3D%3D
Online Data Analyst,TELUS Digital,"Aligarh, Uttar Pradesh, India",1 week ago,https://in.linkedin.com/jobs/view/online-data-analyst-at-telus-digital-4336120550?position=8&pageNum=50&refId=bPSoeNzd19CkcEylcjX87g%3D%3D&trackingId=ZfbzQm3v3EbKvF%2FxHLT88A%3D%3D
4400294-Lead Assistant Manager,EXL,"Gurugram, Haryana, India",4 days ago,https://in.linkedin.com/jobs/view/4400294-lead-assistant-manager-at-exl-4304152988?position=9&pageNum=50&refId=bPSoeNzd19CkcEylcjX87g%3D%3D&trackingId=%2BeXQMrUSAxiNd54NyzGoNA%3D%3D
"Data Analyst (Marketing Analytics, Bangkok Based, Relocation provided)",Agoda,Greater Kolkata Area,1 week ago,https://in.linkedin.com/jobs/view/data-analyst-marketing-analytics-bangkok-based-relocation-provided-at-agoda-4299778190?position=10&pageNum=50&refId=bPSoeNzd19CkcEylcjX87g%3D%3D&trackingId=9ucyBc45kOAbJOQXYpelfw%3D%3D
Online Data Analyst,TELUS Digital,"Hosur, Tamil Nadu, India",1 week ago,https://in.linkedin.com/jobs/view/online-data-analyst-at-telus-digital-4336090707?position=1&pageNum=52&refId=CpvtChIdM841TeMXI17Osg%3D%3D&trackingId=DDlsJEMoW%2FsnEOUsuehF8Q%3D%3D
Online Data Analyst,TELUS Digital,"Unnao, Uttar Pradesh, India",1 week ago,https://in.linkedin.com/jobs/view/online-data-analyst-at-telus-digital-4336280099?position=2&pageNum=52&refId=CpvtChIdM841TeMXI17Osg%3D%3D&trackingId=mWPkjJN7wFfgbYoE3lSAVw%3D%3D
Data & Business Process Analyst,UBS,"Pune, Maharashtra, India",3 days ago,https://in.linkedin.com/jobs/view/data-business-process-analyst-at-ubs-4323163184?position=3&pageNum=52&refId=CpvtChIdM841TeMXI17Osg%3D%3D&trackingId=%2BnzySJ4xWcbglGPA6EA36Q%3D%3D
3891852-Assistant Manager,EXL,"Chennai, Tamil Nadu, India",4 days ago,https://in.linkedin.com/jobs/view/3891852-assistant-manager-at-exl-4320509306?position=4&pageNum=52&refId=CpvtChIdM841TeMXI17Osg%3D%3D&trackingId=N2iL1pfCWBfOitV174Wz9Q%3D%3D
Quantitative Analyst,iRage,"Gandhinagar, Gujarat, India",1 week ago,https://in.linkedin.com/jobs/view/quantitative-analyst-at-irage-4322672950?position=5&pageNum=52&refId=CpvtChIdM841TeMXI17Osg%3D%3D&trackingId=AUBD4gRzGJ5TP8RP2MWP6w%3D%3D
Principal Data Analyst,Mott MacDonald,"Noida, Uttar Pradesh, India",5 days ago,https://in.linkedin.com/jobs/view/principal-data-analyst-at-mott-macdonald-4210999252?position=6&pageNum=52&refId=CpvtChIdM841TeMXI17Osg%3D%3D&trackingId=dv7PLKtWnOBeTldPdoWZDw%3D%3D
3876996-Senior Executive,EXL,"Chennai, Tamil Nadu, India",4 days ago,https://in.linkedin.com/jobs/view/3876996-senior-executive-at-exl-4320379598?position=7&pageNum=52&refId=CpvtChIdM841TeMXI17Osg%3D%3D&trackingId=cX0elfxg2My1QFh%2B2mrpMQ%3D%3D
Research Analyst - 45426,Turing,India,2 days ago,https://in.linkedin.com/jobs/view/research-analyst-45426-at-turing-4337250739?position=8&pageNum=52&refId=CpvtChIdM841TeMXI17Osg%3D%3D&trackingId=ZFOZDfI%2FFjKW76BazHZJgQ%3D%3D
Research Analyst - 45426,Turing,"Pune, Maharashtra, India",2 days ago,https://in.linkedin.com/jobs/view/research-analyst-45426-at-turing-4337051435?position=9&pageNum=52&refId=CpvtChIdM841TeMXI17Osg%3D%3D&trackingId=uPx5EftemZv9%2Ba17n6cD%2Bw%3D%3D
1984776-Manager,EXL,"Gurugram, Haryana, India",4 days ago,https://in.linkedin.com/jobs/view/1984776-manager-at-exl-4320509325?position=10&pageNum=52&refId=CpvtChIdM841TeMXI17Osg%3D%3D&trackingId=ITdrg%2Fe0ILkiYZ1dhxVuQg%3D%3D
3563404-Lead Assistant Manager,EXL,"Gurugram, Haryana, India",4 days ago,https://in.linkedin.com/jobs/view/3563404-lead-assistant-manager-at-exl-4304154872?position=1&pageNum=55&refId=%2FylrJPQylXpFueRCi6nSnQ%3D%3D&trackingId=pGscSI0LmOkFAwJLXlurog%3D%3D
1984864-Lead Assistant Manager,EXL,"Gurugram, Haryana, India",4 days ago,https://in.linkedin.com/jobs/view/1984864-lead-assistant-manager-at-exl-4304161180?position=2&pageNum=55&refId=%2FylrJPQylXpFueRCi6nSnQ%3D%3D&trackingId=4AYx4KmwgUtb%2BwZZz1XJEQ%3D%3D
"Marketing Data Analyst Contractor - Analytics, Databricks, SQL, Python and AWS",CareerXperts Consulting,"Bengaluru, Karnataka, India",2 days ago,https://in.linkedin.com/jobs/view/marketing-data-analyst-contractor-analytics-databricks-sql-python-and-aws-at-careerxperts-consulting-4341643028?position=3&pageNum=55&refId=%2FylrJPQylXpFueRCi6nSnQ%3D%3D&trackingId=kfR4gThiSm9zqCNlZkQq%2FA%3D%3D
Talent Data Insights Business Senior Analyst,EY,"Bengaluru, Karnataka, India",1 week ago,https://in.linkedin.com/jobs/view/talent-data-insights-business-senior-analyst-at-ey-4315981614?position=4&pageNum=55&refId=%2FylrJPQylXpFueRCi6nSnQ%3D%3D&trackingId=YPTo9XzvX%2FAhOayjkP6pNA%3D%3D
Research Analyst - 45426,Turing,"Delhi, India",2 days ago,https://in.linkedin.com/jobs/view/research-analyst-45426-at-turing-4337260481?position=5&pageNum=55&refId=%2FylrJPQylXpFueRCi6nSnQ%3D%3D&trackingId=kgB8pX%2Br%2Fh5VpuWrX1uNlw%3D%3D
Online Data Analyst,TELUS Digital,"Tiruppur, Tamil Nadu, India",1 week ago,https://in.linkedin.com/jobs/view/online-data-analyst-at-telus-digital-4336190455?position=6&pageNum=55&refId=%2FylrJPQylXpFueRCi6nSnQ%3D%3D&trackingId=pc0va6AVmNrwGiz8ghqyIg%3D%3D
Research Analyst - 45426,Turing,"Hyderabad, Telangana, India",2 days ago,https://in.linkedin.com/jobs/view/research-analyst-45426-at-turing-4337041674?position=7&pageNum=55&refId=%2FylrJPQylXpFueRCi6nSnQ%3D%3D&trackingId=ZCAIhGWK%2BA4nigIDevUIEQ%3D%3D
4912084-Lead Assistant Manager,EXL,"Gurugram, Haryana, India",4 days ago,https://in.linkedin.com/jobs/view/4912084-lead-assistant-manager-at-exl-4304154873?position=8&pageNum=55&refId=%2FylrJPQylXpFueRCi6nSnQ%3D%3D&trackingId=37NI3wT4O3lk6Gcer4Nizw%3D%3D
Online Data Analyst,TELUS Digital,"Pudukkottai, Tamil Nadu, India",1 week ago,https://in.linkedin.com/jobs/view/online-data-analyst-at-telus-digital-4336270268?position=9&pageNum=55&refId=%2FylrJPQylXpFueRCi6nSnQ%3D%3D&trackingId=YyMaFuTworW5dIkOXymf2w%3D%3D
Research Analyst - 45426,Turing,"Bengaluru, Karnataka, India",2 days ago,https://in.linkedin.com/jobs/view/research-analyst-45426-at-turing-4337210978?position=10&pageNum=55&refId=%2FylrJPQylXpFueRCi6nSnQ%3D%3D&trackingId=IqT817vYX%2FlDLtTHCuqsIg%3D%3D
1984915-Lead Assistant Manager,EXL,"Gurugram, Haryana, India",4 days ago,https://in.linkedin.com/jobs/view/1984915-lead-assistant-manager-at-exl-4304163143?position=1&pageNum=57&refId=JqQ0RatXZIztHEBXt9sZKQ%3D%3D&trackingId=H4XWqXphuU0cFPCH9HEv1Q%3D%3D
Online Data Analyst,TELUS Digital,"Nagapattinam, Tamil Nadu, India",1 week ago,https://in.linkedin.com/jobs/view/online-data-analyst-at-telus-digital-4336270186?position=2&pageNum=57&refId=JqQ0RatXZIztHEBXt9sZKQ%3D%3D&trackingId=qcaJwcUypd88SpbRxnFShw%3D%3D
"Data Analyst - Data Forward Event, Ahmedabad",S&P Global,"Ahmedabad, Gujarat, India",2 days ago,https://in.linkedin.com/jobs/view/data-analyst-data-forward-event-ahmedabad-at-s-p-global-4323234432?position=3&pageNum=57&refId=JqQ0RatXZIztHEBXt9sZKQ%3D%3D&trackingId=LzIMy6%2Bqnar%2BTAdp9n77QQ%3D%3D
Research Analyst - 45426,Turing,"Mumbai, Maharashtra, India",2 days ago,https://in.linkedin.com/jobs/view/research-analyst-45426-at-turing-4337051428?position=4&pageNum=57&refId=JqQ0RatXZIztHEBXt9sZKQ%3D%3D&trackingId=vddAmhtQNaO1JUPrT8XpEg%3D%3D
Data Engineer,PayPal,"Bengaluru, Karnataka, India",4 days ago,https://in.linkedin.com/jobs/view/data-engineer-at-paypal-4340504642?position=5&pageNum=57&refId=JqQ0RatXZIztHEBXt9sZKQ%3D%3D&trackingId=CgP8uNerWXt4Cl%2FPHgC%2BBw%3D%3D
Online Data Analyst,TELUS Digital,"Karaikkudi, Tamil Nadu, India",1 week ago,https://in.linkedin.com/jobs/view/online-data-analyst-at-telus-digital-4336070921?position=6&pageNum=57&refId=JqQ0RatXZIztHEBXt9sZKQ%3D%3D&trackingId=fZf2IpCo%2Bf2Rab7x1XZYtw%3D%3D
1985030-Lead Assistant Manager,EXL,"Gurugram, Haryana, India",4 days ago,https://in.linkedin.com/jobs/view/1985030-lead-assistant-manager-at-exl-4303997999?position=7&pageNum=57&refId=JqQ0RatXZIztHEBXt9sZKQ%3D%3D&trackingId=q1o2DZJzjgsS2zAi1D9%2BoA%3D%3D
1970741-Manager,EXL,"Gurugram, Haryana, India",4 days ago,https://in.linkedin.com/jobs/view/1970741-manager-at-exl-4320479440?position=8&pageNum=57&refId=JqQ0RatXZIztHEBXt9sZKQ%3D%3D&trackingId=IXEXP6dqOgtA3bhUC7%2B0dw%3D%3D
Research Analyst - 45426,Turing,"Pune, Maharashtra, India",2 days ago,https://in.linkedin.com/jobs/view/research-analyst-45426-at-turing-4337031872?position=9&pageNum=57&refId=JqQ0RatXZIztHEBXt9sZKQ%3D%3D&trackingId=mc1YDIM%2BYh6cmhDtCJO2og%3D%3D
3562989-Lead Assistant Manager,EXL,"Gurugram, Haryana, India",4 days ago,https://in.linkedin.com/jobs/view/3562989-lead-assistant-manager-at-exl-4304159200?position=10&pageNum=57&refId=JqQ0RatXZIztHEBXt9sZKQ%3D%3D&trackingId=CuOP%2BETCbXplD6mNbFlTsA%3D%3D
Data modeller,Tredence Inc.,"Bengaluru, Karnataka, India",Recent,https://in.linkedin.com/jobs/view/data-modeller-at-tredence-inc-4338451356?position=1&pageNum=60&refId=0dYKRZFCJ%2FEUVCd%2FOjuJIA%3D%3D&trackingId=n69rrP6PdlAjipnxsdfXvA%3D%3D
EY - GDS Consulting - AI and DATA - Power BI - Senior-E,EY,"Gurugram, Haryana, India",4 days ago,https://in.linkedin.com/jobs/view/ey-gds-consulting-ai-and-data-power-bi-senior-e-at-ey-4322939158?position=2&pageNum=60&refId=0dYKRZFCJ%2FEUVCd%2FOjuJIA%3D%3D&trackingId=nMFTVFCkvTXp0zBqLTDnMA%3D%3D
Research Analyst - 45426,Turing,"Delhi, India",2 days ago,https://in.linkedin.com/jobs/view/research-analyst-45426-at-turing-4337171102?position=3&pageNum=60&refId=0dYKRZFCJ%2FEUVCd%2FOjuJIA%3D%3D&trackingId=aUNj%2Fvw0Lh3PYA%2FoESgo%2Fg%3D%3D
IN-Senior Associate_Power BI Developer _Advisory Corporate _Advisory_Noida,PwC India,"Noida, Uttar Pradesh, India",Recent,https://in.linkedin.com/jobs/view/in-senior-associate-power-bi-developer-advisory-corporate-advisory-noida-at-pwc-india-4292867831?position=4&pageNum=60&refId=0dYKRZFCJ%2FEUVCd%2FOjuJIA%3D%3D&trackingId=JKojmkICjSEpZl5JyAFhnQ%3D%3D
IN-Senior Associate_Databricks/Pyspark _ D and A_Advisory_Pune,PwC India,"Pune, Maharashtra, India",3 days ago,https://in.linkedin.com/jobs/view/in-senior-associate-databricks-pyspark-d-and-a-advisory-pune-at-pwc-india-4336856557?position=5&pageNum=60&refId=0dYKRZFCJ%2FEUVCd%2FOjuJIA%3D%3D&trackingId=LEgnMWavqJGzPJ065SJrvw%3D%3D
Research Analyst - 45426,Turing,"Mumbai, Maharashtra, India",2 days ago,https://in.linkedin.com/jobs/view/research-analyst-45426-at-turing-4337051404?position=6&pageNum=60&refId=0dYKRZFCJ%2FEUVCd%2FOjuJIA%3D%3D&trackingId=DjaOg4A%2B50islZEj4fFPMA%3D%3D
Senior Data Analyst,Hevo Data,"Pune, Maharashtra, India",1 day ago,https://in.linkedin.com/jobs/view/senior-data-analyst-at-hevo-data-4312267010?position=7&pageNum=60&refId=0dYKRZFCJ%2FEUVCd%2FOjuJIA%3D%3D&trackingId=WDuOCOShtY5CfJmTB55MTQ%3D%3D
Intern- Data Specialist,C2FO,"Noida, Uttar Pradesh, India",3 days ago,https://in.linkedin.com/jobs/view/intern-data-specialist-at-c2fo-4323213442?position=8&pageNum=60&refId=0dYKRZFCJ%2FEUVCd%2FOjuJIA%3D%3D&trackingId=fEWZv3JZCYzDHxFXAHMDoA%3D%3D
SAS,Cognizant,"Pune, Maharashtra, India",4 days ago,https://in.linkedin.com/jobs/view/sas-at-cognizant-4319310514?position=9&pageNum=60&refId=0dYKRZFCJ%2FEUVCd%2FOjuJIA%3D%3D&trackingId=J7to9QyAFvFQC7lhNiDFFQ%3D%3D
Senior Data Science Analyst - Capabilities & Insights,McKinsey & Company,"Gurgaon, Haryana, India",5 days ago,https://in.linkedin.com/jobs/view/senior-data-science-analyst-capabilities-insights-at-mckinsey-company-4289957691?position=10&pageNum=60&refId=0dYKRZFCJ%2FEUVCd%2FOjuJIA%3D%3D&trackingId=tsAKadQbvfeN5l%2FfFxYGKw%3D%3D
Power BI Associate,Ares Management,Mumbai Metropolitan Region,1 day ago,https://in.linkedin.com/jobs/view/power-bi-associate-at-ares-management-4299574550?position=1&pageNum=62&refId=LKje3yAou3dNmKSWA8QMIQ%3D%3D&trackingId=C5kg%2FYVFiR2UTKNyzUWPGA%3D%3D
3977013-Assistant Manager,EXL,"Chennai, Tamil Nadu, India",4 days ago,https://in.linkedin.com/jobs/view/3977013-assistant-manager-at-exl-4320359686?position=2&pageNum=62&refId=LKje3yAou3dNmKSWA8QMIQ%3D%3D&trackingId=0dKpFDx4D4XZDSnsYS7T4g%3D%3D
Online Data Analyst,TELUS Digital,"Ambur, Tamil Nadu, India",1 week ago,https://in.linkedin.com/jobs/view/online-data-analyst-at-telus-digital-4336130583?position=3&pageNum=62&refId=LKje3yAou3dNmKSWA8QMIQ%3D%3D&trackingId=GWH1%2F%2FMF7C%2BnVSG2vq3kVA%3D%3D
Data Engineer Lead,JRD Systems,"Hyderabad, Telangana, India",3 days ago,https://in.linkedin.com/jobs/view/data-engineer-lead-at-jrd-systems-4336777250?position=4&pageNum=62&refId=LKje3yAou3dNmKSWA8QMIQ%3D%3D&trackingId=UdURZxOwixhR5Bl9BUd%2BqA%3D%3D
4423637-Manager,EXL,"Noida, Uttar Pradesh, India",4 days ago,https://in.linkedin.com/jobs/view/4423637-manager-at-exl-4320419528?position=5&pageNum=62&refId=LKje3yAou3dNmKSWA8QMIQ%3D%3D&trackingId=UI0JI9VTuR0LWlo7iLNFMQ%3D%3D
Data Engineer,Mastek,"Chennai, Tamil Nadu, India",1 day ago,https://in.linkedin.com/jobs/view/data-engineer-at-mastek-4341991215?position=6&pageNum=62&refId=LKje3yAou3dNmKSWA8QMIQ%3D%3D&trackingId=npkNV%2B8Jcwv1%2BEYmXoXWDg%3D%3D
Online Data Analyst,TELUS Digital,"Kanchipuram, Tamil Nadu, India",1 week ago,https://in.linkedin.com/jobs/view/online-data-analyst-at-telus-digital-4336160615?position=7&pageNum=62&refId=LKje3yAou3dNmKSWA8QMIQ%3D%3D&trackingId=XwkUaAzsZWqZU44423%2FP2w%3D%3D
4400732-Senior Executive,EXL,"Kochi, Kerala, India",4 days ago,https://in.linkedin.com/jobs/view/4400732-senior-executive-at-exl-4320571932?position=8&pageNum=62&refId=LKje3yAou3dNmKSWA8QMIQ%3D%3D&trackingId=X14fM4LjBNrMBTKsQ6MEfA%3D%3D
Data Analysis & Insight Lead,Tatvic ®,"Ahmedabad, Gujarat, India",1 week ago,https://in.linkedin.com/jobs/view/data-analysis-insight-lead-at-tatvic-%C2%AE-4322615603?position=9&pageNum=62&refId=LKje3yAou3dNmKSWA8QMIQ%3D%3D&trackingId=54BeB9110Fv6Dy5421gHrA%3D%3D
Data Analyst,algoleap,"Bengaluru, Karnataka, India",1 week ago,https://in.linkedin.com/jobs/view/data-analyst-at-algoleap-4340561064?position=10&pageNum=62&refId=LKje3yAou3dNmKSWA8QMIQ%3D%3D&trackingId=o6UOXm6pwGH9Klsc2gmy1A%3D%3D
Research Analyst - 45426,Turing,"Delhi, India",2 days ago,https://in.linkedin.com/jobs/view/research-analyst-45426-at-turing-4337190952?position=1&pageNum=65&refId=mum5wB4x4MrTYp%2Bv0ZF4EA%3D%3D&trackingId=9wo4atK1XoyziW66I7Ff9w%3D%3D
3838853-Senior Executive,EXL,"Chennai, Tamil Nadu, India",4 days ago,https://in.linkedin.com/jobs/view/3838853-senior-executive-at-exl-4320571936?position=2&pageNum=65&refId=mum5wB4x4MrTYp%2Bv0ZF4EA%3D%3D&trackingId=FmKXCIWX63lAu4OJ5tDPuA%3D%3D
IN_Manager_Business Analyst_Data & Analytics_Advisory_Bangalore,PwC India,"Bengaluru, Karnataka, India",2 days ago,https://in.linkedin.com/jobs/view/in-manager-business-analyst-data-analytics-advisory-bangalore-at-pwc-india-4332800870?position=3&pageNum=65&refId=mum5wB4x4MrTYp%2Bv0ZF4EA%3D%3D&trackingId=phe8WCXrwPrmbCie3sWHhg%3D%3D
2194783-Senior Executive,EXL,"Chennai, Tamil Nadu, India",4 days ago,https://in.linkedin.com/jobs/view/2194783-senior-executive-at-exl-4332049155?position=4&pageNum=65&refId=mum5wB4x4MrTYp%2Bv0ZF4EA%3D%3D&trackingId=gZIRZ%2BqjNd9dZ3HvP7x1nA%3D%3D
Senior Data Analyst/Data Scientist,Salesforce,"Hyderabad, Telangana, India",1 day ago,https://in.linkedin.com/jobs/view/senior-data-analyst-data-scientist-at-salesforce-4338220948?position=5&pageNum=65&refId=mum5wB4x4MrTYp%2Bv0ZF4EA%3D%3D&trackingId=wWok6OFcVJoBS8LX%2BWHdYQ%3D%3D
1984874-Lead Assistant Manager,EXL,"Gurugram, Haryana, India",4 days ago,https://in.linkedin.com/jobs/view/1984874-lead-assistant-manager-at-exl-4304158227?position=6&pageNum=65&refId=mum5wB4x4MrTYp%2Bv0ZF4EA%3D%3D&trackingId=0RpCWiey4E3z7xBJwmkCsQ%3D%3D
Associate Analyst - Reporting & QA,M+C Saatchi UK,"New Delhi, Delhi, India",3 days ago,https://in.linkedin.com/jobs/view/associate-analyst-reporting-qa-at-m%2Bc-saatchi-uk-4323393517?position=7&pageNum=65&refId=mum5wB4x4MrTYp%2Bv0ZF4EA%3D%3D&trackingId=W2VR6J%2F%2F8Z7A7%2FBMBdEqtg%3D%3D
Associate Intelligence Analyst - ZCAP,ZeroFox,"Bengaluru, Karnataka, India",1 week ago,https://in.linkedin.com/jobs/view/associate-intelligence-analyst-zcap-at-zerofox-4335901821?position=8&pageNum=65&refId=mum5wB4x4MrTYp%2Bv0ZF4EA%3D%3D&trackingId=Mm5gphghU%2F%2BNqFIhKAKXqw%3D%3D
Assistant Manager - Web Analytics Specialist,Ethinos,Mumbai Metropolitan Region,1 day ago,https://in.linkedin.com/jobs/view/assistant-manager-web-analytics-specialist-at-ethinos-4323667035?position=9&pageNum=65&refId=mum5wB4x4MrTYp%2Bv0ZF4EA%3D%3D&trackingId=TGAe%2FXXwONzqozA7yHl%2BOg%3D%3D
Data Scientist I,Swiggy,"Bengaluru, Karnataka, India",Recent,https://in.linkedin.com/jobs/view/data-scientist-i-at-swiggy-4324170669?position=10&pageNum=65&refId=mum5wB4x4MrTYp%2Bv0ZF4EA%3D%3D&trackingId=cuopu2JSZ76%2FujH9rZpbZQ%3D%3D
Data Analyst,Best Job Tool,India,Recent,https://in.linkedin.com/jobs/view/data-analyst-at-best-job-tool-4338269687?position=1&pageNum=67&refId=Sfz%2FRzJ0MH2pJrWcOOhPWg%3D%3D&trackingId=tpsArclMy1IgYD4qI2L00Q%3D%3D
Research Analyst - 45426,Turing,"Chennai, Tamil Nadu, India",2 days ago,https://in.linkedin.com/jobs/view/research-analyst-45426-at-turing-4337041717?position=2&pageNum=67&refId=Sfz%2FRzJ0MH2pJrWcOOhPWg%3D%3D&trackingId=jF1NyTV3RL%2FvQ7YW47JsYQ%3D%3D
Research Analyst - 45426,Turing,"Bengaluru, Karnataka, India",2 days ago,https://in.linkedin.com/jobs/view/research-analyst-45426-at-turing-4337081453?position=3&pageNum=67&refId=Sfz%2FRzJ0MH2pJrWcOOhPWg%3D%3D&trackingId=qBolMNfS6kULpnpAKYlaOA%3D%3D
Business Intelligence Analyst,ThoughtFocus,"Hyderabad, Telangana, India",1 week ago,https://in.linkedin.com/jobs/view/business-intelligence-analyst-at-thoughtfocus-4322504390?position=4&pageNum=67&refId=Sfz%2FRzJ0MH2pJrWcOOhPWg%3D%3D&trackingId=03sPsp5vnEekhu1DEUQpWQ%3D%3D
Data Warehouse Analyst - 3+yrs,Mizuho,"Navi Mumbai, Maharashtra, India",1 week ago,https://in.linkedin.com/jobs/view/data-warehouse-analyst-3%2Byrs-at-mizuho-4322226082?position=5&pageNum=67&refId=Sfz%2FRzJ0MH2pJrWcOOhPWg%3D%3D&trackingId=SVTlt7OL%2F0FSjB4uRviOwQ%3D%3D
Data Engineer,Thomson Reuters,"Bengaluru, Karnataka, India",1 day ago,https://in.linkedin.com/jobs/view/data-engineer-at-thomson-reuters-4337104909?position=6&pageNum=67&refId=Sfz%2FRzJ0MH2pJrWcOOhPWg%3D%3D&trackingId=qwJC3ImtKgNgB6d9vgT7Og%3D%3D
3563126-Lead Assistant Manager,EXL,"Gurugram, Haryana, India",4 days ago,https://in.linkedin.com/jobs/view/3563126-lead-assistant-manager-at-exl-4304168170?position=7&pageNum=67&refId=Sfz%2FRzJ0MH2pJrWcOOhPWg%3D%3D&trackingId=cuS68PxtXS0YWMK9EOkr2Q%3D%3D
Tableau Focused Data Analyst (SQL/ Python /Cloud Environment),KPG99 INC,"Bengaluru, Karnataka, India",2 days ago,https://in.linkedin.com/jobs/view/tableau-focused-data-analyst-sql-python-cloud-environment-at-kpg99-inc-4337170272?position=8&pageNum=67&refId=Sfz%2FRzJ0MH2pJrWcOOhPWg%3D%3D&trackingId=V6gVg%2FxDBg4SjORs2jldLA%3D%3D
Online Data Analyst,TELUS Digital,"Vellore, Tamil Nadu, India",1 week ago,https://in.linkedin.com/jobs/view/online-data-analyst-at-telus-digital-4336220361?position=9&pageNum=67&refId=Sfz%2FRzJ0MH2pJrWcOOhPWg%3D%3D&trackingId=F7BOrqODcneQkQ%2FGj7oUOQ%3D%3D
3838841-Lead Assistant Manager,EXL,"Chennai, Tamil Nadu, India",4 days ago,https://in.linkedin.com/jobs/view/3838841-lead-assistant-manager-at-exl-4320539327?position=10&pageNum=67&refId=Sfz%2FRzJ0MH2pJrWcOOhPWg%3D%3D&trackingId=Om55rHlNlPkO4v48k4hf1A%3D%3D
Data Intern - India Data Insights,Decoding Impact,"Bengaluru, Karnataka, India",1 week ago,https://in.linkedin.com/jobs/view/data-intern-india-data-insights-at-decoding-impact-4335851442?position=1&pageNum=70&refId=8Qd2bu8%2FhjyXv5OkSArtJg%3D%3D&trackingId=k%2BDYZGBNiXsBX4Zz0tqECg%3D%3D
Online Data Analyst,TELUS Digital,"Nagercoil, Tamil Nadu, India",1 week ago,https://in.linkedin.com/jobs/view/online-data-analyst-at-telus-digital-4336260300?position=2&pageNum=70&refId=8Qd2bu8%2FhjyXv5OkSArtJg%3D%3D&trackingId=SC5PJD9so4%2BHiQxbn8HK8g%3D%3D
EY - GDS Consulting - AI and DATA - Power BI - Senior-E,EY,"Mumbai, Maharashtra, India",4 days ago,https://in.linkedin.com/jobs/view/ey-gds-consulting-ai-and-data-power-bi-senior-e-at-ey-4322869029?position=3&pageNum=70&refId=8Qd2bu8%2FhjyXv5OkSArtJg%3D%3D&trackingId=jIl8bAMwbYsTuyQtYpGMtw%3D%3D
Data Analytics Engineer - Sr Analyst,Deloitte,"Hyderabad, Telangana, India",4 days ago,https://in.linkedin.com/jobs/view/data-analytics-engineer-sr-analyst-at-deloitte-4261607144?position=4&pageNum=70&refId=8Qd2bu8%2FhjyXv5OkSArtJg%3D%3D&trackingId=cQ7oNfkj%2BiyFwomv74K0cg%3D%3D
Data Entry and Data Analysis Volunteer,ConnectFor,Mumbai Metropolitan Region,1 week ago,https://in.linkedin.com/jobs/view/data-entry-and-data-analysis-volunteer-at-connectfor-4322209808?position=5&pageNum=70&refId=8Qd2bu8%2FhjyXv5OkSArtJg%3D%3D&trackingId=G3nRSPq7YBkin85N4oe9ZA%3D%3D
AI/ML,Infosys,"Bengaluru East, Karnataka, India",2 days ago,https://in.linkedin.com/jobs/view/ai-ml-at-infosys-4323227976?position=6&pageNum=70&refId=8Qd2bu8%2FhjyXv5OkSArtJg%3D%3D&trackingId=kEleSWStR4iu%2BoMb09JJOQ%3D%3D
Research Analyst - 45426,Turing,"Kolkata, West Bengal, India",2 days ago,https://in.linkedin.com/jobs/view/research-analyst-45426-at-turing-4337161226?position=7&pageNum=70&refId=8Qd2bu8%2FhjyXv5OkSArtJg%3D%3D&trackingId=22pBTyujxySqx9doltacag%3D%3D
Online Data Analyst,TELUS Digital,"Rajapalaiyam, Tamil Nadu, India",1 week ago,https://in.linkedin.com/jobs/view/online-data-analyst-at-telus-digital-4336290165?position=8&pageNum=70&refId=8Qd2bu8%2FhjyXv5OkSArtJg%3D%3D&trackingId=UufUi%2BDbGtVMqFPc3V8ctw%3D%3D
1984979-Assistant Vice President,EXL,"Gurugram, Haryana, India",4 days ago,https://in.linkedin.com/jobs/view/1984979-assistant-vice-president-at-exl-4304157287?position=9&pageNum=70&refId=8Qd2bu8%2FhjyXv5OkSArtJg%3D%3D&trackingId=UaoKWfPXhkvOGNvGFA6KFQ%3D%3D
Assistant Manager,MetLife,"Noida, Uttar Pradesh, India",6 days ago,https://in.linkedin.com/jobs/view/assistant-manager-at-metlife-4333984765?position=10&pageNum=70&refId=8Qd2bu8%2FhjyXv5OkSArtJg%3D%3D&trackingId=3ajDpbGoeIBlhGeIxKbGAA%3D%3D
Junior Data Engineer,LIXIL,"Gurugram, Haryana, India",Recent,https://in.linkedin.com/jobs/view/junior-data-engineer-at-lixil-4338480266?position=1&pageNum=72&refId=zyR%2FASp6T5YX7pQI8N10Uw%3D%3D&trackingId=GP63F20XuFZ61FtkVT%2Bbdw%3D%3D
Business Insights Analyst,TaskUs,"Indore, Madhya Pradesh, India",1 week ago,https://in.linkedin.com/jobs/view/business-insights-analyst-at-taskus-4340266831?position=2&pageNum=72&refId=zyR%2FASp6T5YX7pQI8N10Uw%3D%3D&trackingId=S2Io06dpSWEEryhJoKxRWw%3D%3D
Data Engineer,HARMAN India,"Bengaluru, Karnataka, India",1 week ago,https://in.linkedin.com/jobs/view/data-engineer-at-harman-india-4340534838?position=3&pageNum=72&refId=zyR%2FASp6T5YX7pQI8N10Uw%3D%3D&trackingId=QWdsD3sfaALwSKcBRfxACg%3D%3D
AI/DNA-Data Scientists,Infosys,"Bengaluru East, Karnataka, India",5 days ago,https://in.linkedin.com/jobs/view/ai-dna-data-scientists-at-infosys-4318845308?position=4&pageNum=72&refId=zyR%2FASp6T5YX7pQI8N10Uw%3D%3D&trackingId=%2Fhn3wIpXpZQn3IoA96dU1w%3D%3D
Data or Business Analyst,HRM Counsel,India,Recent,https://in.linkedin.com/jobs/view/data-or-business-analyst-at-hrm-counsel-4338292745?position=5&pageNum=72&refId=zyR%2FASp6T5YX7pQI8N10Uw%3D%3D&trackingId=sUE0KkJksECjlDC7MQW9VQ%3D%3D
"Specialist, Analytics & Insights",Norstella,India,4 days ago,https://in.linkedin.com/jobs/view/specialist-analytics-insights-at-norstella-4336724105?position=6&pageNum=72&refId=zyR%2FASp6T5YX7pQI8N10Uw%3D%3D&trackingId=nTGw55196hA9GobYdyMQAQ%3D%3D
Data Engineer,Ford Motor Company,"Chennai, Tamil Nadu, India",1 day ago,https://in.linkedin.com/jobs/view/data-engineer-at-ford-motor-company-4337106276?position=7&pageNum=72&refId=zyR%2FASp6T5YX7pQI8N10Uw%3D%3D&trackingId=6%2BYZoyN5OJm2iePJqrsn4g%3D%3D
Workday Reporting Analyst,nVent,"Bengaluru, Karnataka, India",2 days ago,https://in.linkedin.com/jobs/view/workday-reporting-analyst-at-nvent-4332480596?position=8&pageNum=72&refId=zyR%2FASp6T5YX7pQI8N10Uw%3D%3D&trackingId=lrkE6JdziYKaZrYpNSHlLg%3D%3D
Data/Information Mgt Analyst,Citi,"Haryana, India",2 days ago,https://in.linkedin.com/jobs/view/data-information-mgt-analyst-at-citi-4323318170?position=9&pageNum=72&refId=zyR%2FASp6T5YX7pQI8N10Uw%3D%3D&trackingId=ofZxjb%2B3vSCdD1zczGI1vg%3D%3D
EY - GDS Consulting - AI and DATA - Power BI - Senior-E,EY,"Bengaluru, Karnataka, India",4 days ago,https://in.linkedin.com/jobs/view/ey-gds-consulting-ai-and-data-power-bi-senior-e-at-ey-4322939156?position=10&pageNum=72&refId=zyR%2FASp6T5YX7pQI8N10Uw%3D%3D&trackingId=87mKwSEuwhcay7BFsrVsKw%3D%3D
